fund_id,fund_name
1,华夏成长混合
6,西部利得量化成长混合
8,嘉实中证500ETF联接A
11,华夏大盘精选混合
17,财通可持续混合
20,景顺长城品质投资混合
21,华夏优势增长混合
29,富国宏观策略灵活配置混合
30,长城核心优选混合
31,华夏复兴混合
39,农银高增长混合
42,中证财通可持续发展100指数A
51,华夏沪深300ETF联接A
56,建信消费升级混合
57,中银消费主题混合
58,国联安安泰灵活配置混合
59,国联安中证医药100A
61,华夏盛世混合
63,长盛电子信息主题灵活配置混合
65,国富焦点驱动混合
66,诺安鸿鑫混合
72,华安稳健回报混合
73,上投摩根成长动力混合
82,嘉实研究阿尔法股票
83,汇添富消费行业混合
110,金鹰元安混合A
117,广发轮动配置混合
120,中银美丽中国混合
121,华夏永福混合A
124,华宝服务优选混合
126,招商安润混合
127,农银行业领先混合
136,民生加银策略精选混合A
165,国投瑞银策略精选混合
166,中海信息产业精选混合
167,广发聚优灵活配置混合A
172,华泰柏瑞量化增强混合A
173,汇添富美丽30混合
176,嘉实沪深300指数研究增强
190,中银新回报灵活配置混合A
195,工银成长收益混合A
196,工银成长收益混合B
199,国泰量化策略收益混合
209,信诚新兴产业混合
214,广发成长优选混合
215,广发趋势优选灵活配置混合A
216,华安黄金易ETF联接A
217,华安黄金易ETF联接C
218,国泰黄金ETF联接A
219,博时裕益混合
220,富国医疗保健行业混合
241,宝盈核心优势混合C
242,景顺长城策略精选灵活配置混合
248,汇添富中证主要消费ETF联接
251,工银金融地产混合A
256,上投摩根红利回报混合A
259,农银区间收益混合
263,工银信息产业混合
264,博时内需增长混合
270,建信灵活配置混合
273,华润元大安鑫灵活配置混合A
279,华商红利优选混合
294,华安生态优先混合
307,易方达黄金ETF联接A
308,建信创新中国混合
309,大摩品质生活精选股票
311,景顺长城沪深300指数增强
312,华安沪深300增强A
313,华安沪深300增强C
314,招商瑞丰灵活配置混合发起式A
326,南方中小盘成长股票
327,南方新蓝筹混合
328,上投摩根转型动力灵活配置混合
336,农银研究精选混合
339,长城医疗保健混合
354,长盛城镇化主题混合
362,国泰聚信价值优势混合A
363,国泰聚信价值优势混合C
367,国泰安康定期支付混合A
368,汇添富沪深300安中指数
373,华安中证细分医药ETF联接A
376,华安中证细分医药ETF联接C
390,华商优势行业混合
398,华富灵活配置混合
404,易方达新兴成长灵活配置
408,民生加银城镇化混合A
409,鹏华环保产业股票
410,益民服务领先混合
411,景顺长城优质成长股票
414,嘉实绝对收益策略定期混合
417,国联安新精选混合
418,景顺长城成长之星股票
423,前海开源事件驱动混合A
431,鹏华品牌传承混合
432,中银优秀企业混合
433,安信鑫发优选混合
436,易方达裕惠定开混合发起式
452,南方医药保健灵活配置混合
457,上投摩根核心成长股票
458,英大领先回报混合发起式
462,农银主题轮动混合
471,富国城镇发展股票
477,广发主题领先混合
478,建信中证500指数增强A
480,东方红新动力混合
496,长安产业精选混合A
507,泰达宏利宏达混合A
508,泰达宏利宏达混合B
511,国泰国策驱动灵活配置混合A
512,国泰沪深300指数增强A
513,富国高端制造行业股票
520,上银新兴价值成长混合
522,华润元大信息传媒科技混合
523,国投瑞银医疗保健混合
524,上投摩根民生需求股票
526,国泰浓益灵活配置混合A
527,南方新优享灵活配置混合A
529,广发竞争优势混合
530,招商丰盛稳定增长混合A
531,东吴阿尔法灵活配置混合
532,景顺长城优势企业混合
534,长盛高端装备混合
535,长盛航天海工装备灵活配置混合
538,诺安优势行业混合A
541,华商创新成长混合发起式
545,中邮核心竞争力灵活配置混合
547,建信健康民生混合
549,华安大国新经济股票
550,广发新动力混合
551,信诚幸福消费混合
554,中国梦灵活配置混合
556,国投瑞银新机遇灵活配置混合A
557,国投瑞银新机遇灵活配置混合C
566,华泰柏瑞创新升级混合A
567,广发聚祥灵活混合
572,中银多策略混合A
573,天弘通利混合
574,宝盈新价值混合A
577,安信价值精选股票
584,新华鑫益灵活配置混合
585,嘉实对冲套利定期混合
586,景顺长城中小板创业板精选股票
587,大成灵活配置混合
589,光大银发商机混合
590,华安新活力混合
591,中银健康生活混合
592,建信改革红利股票
594,大摩进取优选股票
595,嘉实泰和混合
596,前海开源中证军工指数A
597,中海积极收益混合
598,长盛生态环境混合
601,华宝创新优选混合
603,易方达创新驱动灵活配置混合
609,华商新量化混合
612,华宝生态中国混合
613,国寿安保沪深300ETF联接
619,东方红产业升级混合
628,大成高新技术产业股票
634,富国天盛灵活配置基金
639,宝盈祥瑞混合A
646,华润元大量化优选混合A
649,长城久鑫灵活配置
652,博时裕隆灵活配置混合
654,华商新锐产业混合
656,前海开源沪深300指数
663,国投瑞银美丽中国混合
664,国联安通盈混合A
667,工银绝对收益混合发起A
672,工银绝对收益混合发起B
679,招商丰利灵活配置混合A
684,长盛养老健康产业灵活配置混合
688,景顺长城研究精选股票
689,前海开源新经济混合
690,前海开源大海洋混合
695,大成景益平稳收益混合A
696,汇添富环保行业股票
697,汇添富移动互联股票
698,宝盈科技30混合
706,中邮多策略灵活配置混合
708,华安安享混合
711,嘉实医疗保健股票
714,诺安稳健回报灵活配置混合A
717,融通转型三动力灵活配置混合A
727,融通健康产业灵活配置混合A/B
729,建信中小盘先锋股票
739,平安新鑫先锋A
742,国泰新经济灵活配置混合
743,红塔红土盛世普益混合发起式
746,招商行业精选股票基金
747,广发逆向策略混合
751,嘉实新兴产业股票
753,华宝量化对冲混合A
754,华宝量化对冲混合C
755,富安达新兴成长混合
756,建信潜力新蓝筹股票
757,华富智慧城市灵活配置混合
761,国富健康优质生活股票
762,汇添富绝对收益定开混合A
763,工银新财富灵活配置混合
767,华富国泰民安灵活配置混合
772,景顺长城中国回报灵活配置混合
778,鹏华先进制造股票
780,鹏华医疗保健股票
788,前海开源中国成长混合
793,工银高端制造股票
794,宝盈睿丰创新混合A/B
796,宝盈睿丰创新混合C
800,华商未来主题混合
803,工银研究精选股票
804,中信建投稳利混合A
805,中银新经济灵活配置混合
822,东海美丽中国灵活配置混合
823,银华高端制造业混合
824,圆信永丰双利A
825,圆信永丰双利C
826,广发百发100指数A
827,广发百发100指数E
828,泰达转型机遇
831,工银医疗保健股票
835,华润元大富时中国A50指数A
841,富国新回报灵活配置混合A/B
843,富国新回报灵活配置混合C
844,南方绝对收益
845,国投瑞银信息消费混合
849,汇丰晋信双核策略混合A
850,汇丰晋信双核策略混合C
854,鹏华养老产业股票
866,华宝制造股票
867,华宝品质生活股票
870,嘉实新收益混合
877,华泰柏瑞量化优选混合
878,中海医药健康产业精选混合A
879,中海医药健康产业精选混合C
880,富国研究精选灵活配置混合
884,民生加银优选股票
887,上投摩根稳进回报混合
892,九泰天宝灵活配置混合A
893,工银创新动力股票
894,中欧睿达定期开放混合A
904,银华回报定开混合
913,农银医疗保健股票
916,前海开源股息率100强股票
924,宝盈先进制造混合A
925,汇添富外延增长主题股票
926,中信建投睿信灵活配置混合A
928,中融国企改革混合
929,博时黄金D
930,博时黄金I
932,前海开源睿远稳健增利混合A
933,前海开源睿远稳健增利混合C
935,浙商汇金转型成长
936,博时产业新动力混合A
939,中银研究精选灵活配置混合
940,富国中小盘精选混合
942,广发信息技术联接A
945,华夏医疗健康混合A
946,华夏医疗健康混合C
950,易方达沪深300非银联接A
953,国泰睿吉灵活配置混合A
954,国泰睿吉灵活配置混合C
955,南方产业活力
960,招商医药健康产业股票
961,天弘沪深300ETF联接A
962,天弘中证500ETF联接A
963,兴业多策略混合
965,汇丰晋信新动力混合
966,中邮核心科技创新灵活配置混合
967,华泰柏瑞创新动力混合
968,广发养老指数A
969,前海开源大安全混合
970,东方红睿元混合
971,诺安新经济股票
972,新华万银策略灵活配置混合
974,安信消费医药股票
975,MSCI中国A股国际通联接A
976,长城新兴产业混合
977,长城环保主题混合
978,景顺长城量化精选股票
979,景顺长城沪港深精选股票
985,嘉实逆向策略股票
986,太平灵活配置
991,工银战略转型股票
992,广发对冲套利定期开放混合
993,华宝稳健回报混合
994,建信睿盈灵活配置混合A
995,建信睿盈灵活配置混合C
996,中银新动力股票
1000,中欧明睿新起点混合
1004,新华稳健回报混合发起式
1007,国联安鑫安灵活配置混合
1008,工银国企改革股票
1009,上投摩根安全战略股票
1014,中融融安混合
1015,华夏沪深300指数增强A
1016,华夏沪深300指数增强C
1017,泰达改革动力混合A
1018,易方达新经济混合
1027,前海开源中证大农业指数增强
1028,华安物联网主题股票
1030,天弘云端生活优选
1036,嘉实企业变革股票
1037,国投瑞银锐意改革混合
1039,嘉实先进制造股票
1040,新华策略精选股票
1042,华夏领先股票
1043,工银美丽城镇股票
1044,嘉实新消费股票
1047,光大国企改革股票
1048,富国新兴产业股票
1050,汇添富成长多因子量化策略股票
1051,华夏上证50ETF联接A
1052,华夏中证500ETF联接A
1053,南方创新经济
1054,工银新金融股票
1056,北信瑞丰健康生活
1059,中金绝对收益
1060,前海开源高端装备制造混合
1064,广发中证环保ETF联接A
1067,鹏华弘盛混合A
1068,华融新锐灵活配置混合
1069,华泰柏瑞消费成长混合
1070,建信信息产业股票
1071,华安媒体互联网混合
1072,华安智能装备主题股票
1073,华泰柏瑞量化绝对收益混合
1074,华泰柏瑞量化驱动混合A
1075,宝盈转型动力混合
1076,易方达改革红利混合
1088,华宝国策导向混合
1097,华泰柏瑞积极优选股票
1102,前海开源国家比较优势混合
1103,前海开源工业革命4.0混合
1104,华安新丝路主题股票
1105,信达澳银转型创新股票
1106,华商健康生活混合
1110,中欧瑾泉灵活配置混合A
1111,中欧瑾泉灵活配置混合C
1112,东方红中国优势混合
1113,南方大数据100A
1115,广发聚安混合A
1116,广发聚安混合C
1117,中欧精选定期开放混合A
1118,华宝事件驱动混合
1120,东方睿鑫热点挖掘混合A
1121,东方睿鑫热点挖掘混合C
1122,鹏华弘利混合A
1123,鹏华弘利混合C
1125,博时互联网主题灵活配置混合
1126,上投摩根卓越制造股票
1127,中银宏观策略混合
1128,宝盈新兴产业混合
1133,广发中证全指可选消费联接A
1135,益民品质升级混合
1136,易方达裕如混合
1139,华安新动力灵活配置混合
1140,工银总回报灵活配置混合
1141,泰达宏利创盈混合A
1142,泰达宏利创盈混合B
1143,华商量化进取混合
1144,大成互联网思维混合
1146,中欧瑾源灵活配置混合A
1147,中欧瑾源灵活配置混合C
1148,申万菱信多策略灵活配置混合A
1149,汇丰晋信恒生龙头指数C
1150,融通互联网传媒灵活配置混合
1152,融通新区域新经济灵活配置混合
1154,北信瑞丰平安中国
1156,申万菱信新能源汽车混合
1157,国联安睿祺灵活配置混合
1158,工银新材料新能源股票
1162,前海开源优势蓝筹股票A
1163,银华中国梦30股票
1164,中欧琪和灵活配置混合A
1165,中欧琪和灵活配置混合C
1166,建信环保产业股票
1167,金鹰科技创新股票
1170,泰达宏利复兴混合
1171,工银养老产业股票
1172,鹏华弘泽混合A
1173,中欧瑾和灵活配置混合A
1174,中欧瑾和灵活配置混合C
1178,前海开源再融资股票
1179,德邦大健康灵活配置混合
1180,广发医药卫生联接A
1181,南方改革机遇
1182,易方达安心回馈混合
1183,南方利淘A
1184,易方达新常态灵活配置混合
1185,安信动态策略混合A
1186,富国文体健康股票
1188,鹏华改革红利股票
1189,广发聚宝混合A
1190,鹏华弘润混合A
1191,鹏华弘润混合C
1192,上投摩根整合驱动混合
1193,中金消费升级
1194,景顺长城稳健回报混合A
1195,工银农业产业股票
1196,东方鼎新灵活配置混合A
1197,长盛转型升级主题灵活配置混合
1198,东方惠新灵活配置混合A
1201,申万菱信安鑫回报混合A
1202,东方红领先精选混合
1203,东方红稳健精选混合A
1204,东方红稳健精选混合C
1208,诺安低碳经济股票A
1209,前海开源一带一路混合A
1210,天弘互联网混合
1214,华泰柏瑞中证500ETF联接A
1215,博时沪港深优质企业基金A
1216,易方达新收益混合A
1217,易方达新收益混合C
1218,国投瑞银精选收益混合
1219,上投摩根动态多因子混合
1220,民生加银研究精选混合
1222,鹏华外延成长混合
1223,鹏华文化传媒娱乐股票
1224,中邮新思路灵活配置混合
1225,中邮趋势精选灵活配置混合
1226,中邮稳健添利灵活配置混合
1227,中邮信息产业灵活配置混合
1228,国联安鑫享灵活配置混合A
1229,德邦福鑫灵活配置混合A
1230,鹏华医药科技
1231,银华泰利灵活配置混合A
1236,博时丝路主题股票A
1237,博时上证50ETF联接A
1239,长盛国企改革混合
1241,国寿安保中证500ETF联接
1242,博时中证淘金大数据100A
1243,博时中证淘金大数据100I
1244,华泰柏瑞量化智慧混合A
1245,工银生态环境股票
1247,华泰柏瑞新利混合A
1249,易方达新利灵活配置混合
1250,天弘新活力混合
1252,中海进取收益混合
1254,泰达宏利新起点混合A
1255,长城改革红利混合
1256,泓德优选成长混合
1261,中融新机遇混合
1264,银华恒利灵活配置混合A
1265,国泰兴益灵活配置混合A
1266,国投瑞银招财混合
1267,泰达宏利蓝筹混合
1268,富国国家安全主题混合
1270,英大灵活配置混合型发起式A
1271,英大灵活配置混合型发起式B
1272,兴业聚利灵活配置混合
1273,民生加银新动力混合A
1274,民生加银新动力混合D
1275,中邮创新优势灵活配置混合
1276,建信新经济灵活配置混合
1277,博时国企改革股票
1278,前海开源清洁能源混合A
1279,中海积极增利混合
1280,银华聚利灵活配置混合A
1281,长安鑫利优选混合A
1282,华安新机遇灵活配置
1283,红塔红土盛金新动力混合A
1284,红塔红土盛金新动力混合C
1285,易方达新鑫混合I
1286,易方达新鑫混合E
1287,安信优势增长混合A
1289,银华汇利灵活配置混合A
1291,大摩量化多策略股票
1294,新华战略新兴产业灵活配置混合
1296,长城转型成长灵活配置混合
1297,平安智慧中国混合
1298,金鹰民族新兴混合
1300,大成睿景灵活配置混合A
1301,大成睿景灵活配置混合C
1302,前海开源金银珠宝混合A
1303,银华稳利灵活配置混合A
1304,建信鑫安回报灵活配置混合
1305,九泰天富改革混合A
1306,中欧永裕混合A
1307,中欧永裕混合C
1309,东方红睿逸定期开放混合
1311,华安新回报灵活配置混合
1312,华安新优选灵活配置混合A
1313,上投摩根智慧互联股票
1314,易方达新益混合I
1315,易方达新益混合E
1316,安信稳健增值混合A
1318,东方新策略灵活配置混合A
1319,农银信息传媒股票
1320,工银丰盈回报灵活配置混合
1322,东吴新趋势
1323,东吴移动互联A
1324,华宝新价值混合
1325,鹏华弘和混合A
1326,鹏华弘和混合C
1327,鹏华弘华混合A
1328,鹏华弘华混合C
1329,鹏华弘实混合A
1330,鹏华弘实混合C
1331,鹏华弘信混合A
1332,鹏华弘信混合C
1334,南方利鑫A
1335,南方利众A
1336,鹏华弘益混合A
1337,鹏华弘益混合C
1338,安信稳健增值混合C
1339,兴银鼎新灵活配置混合
1342,易方达新享混合A
1343,易方达新享混合C
1344,易方达沪深300医药联接A
1345,富国新收益灵活配置混合A
1347,富国新收益灵活配置混合C
1348,大摩新机遇混合
1349,富国改革动力混合
1351,诺安中证500指数增强A
1352,民生加银新战略混合
1355,广发聚泰混合A
1356,广发聚泰混合C
1357,泓德泓富混合A
1358,宝盈祥泰混合A
1359,国联安添鑫灵活配置混合A
1361,景顺中证TMT150ETF联接
1362,景顺长城领先回报混合A
1363,长城久惠灵活配置混合
1364,大成景润灵活配置混合
1365,大成正向回报灵活配置混合
1366,金鹰产业整合混合
1370,中银新趋势混合
1371,富国沪港深价值混合
1373,易方达新丝路灵活配置混合
1375,金元顺安优质精选混合C
1376,泓德泓富混合C
1379,景顺长城领先回报混合C
1380,鹏华弘盛混合C
1381,鹏华弘泽混合C
1382,易方达国企改革混合
1384,东方新思路混合A
1385,东方新思路混合C
1387,中融新经济混合A
1388,中融新经济混合C
1392,国富金融地产混合A
1393,国富金融地产混合C
1396,建信互联网+产业升级股票
1397,建信精工制造指数增强
1398,华泰柏瑞健康生活混合
1399,安信鑫安得利混合A
1400,安信鑫安得利混合C
1402,信诚新选混合A
1403,招商国企改革主题混合基金
1404,招商移动互联网产业股票基金
1405,东方红策略精选混合A
1406,东方红策略精选混合C
1407,景顺长城稳健回报混合C
1408,建信鑫丰回报灵活配置混合A
1409,工银互联网加股票
1410,信达澳银新能源产业股票
1411,诺安创新驱动混合A
1412,德邦鑫星价值灵活配置混合A
1413,中融鑫起点混合A
1414,中融鑫起点混合C
1415,信诚新锐混合A
1416,嘉实事件驱动股票
1417,汇添富医疗服务混合
1418,泰达宏利创益混合A
1418,泰达宏利创益混合A
1419,泰达宏利新思路混合A
1420,南方大数据300A
1421,南方量化成长
1422,景顺长城安享回报混合A
1423,景顺长城安享回报混合C
1424,博时新起点混合A
1425,博时新起点混合C
1426,南方大数据300C
1427,招商丰泽混合A
1428,工银瑞信灵活配置混合B
1430,中邮乐享收益灵活配置混合
1433,易方达瑞景混合
1437,易方达瑞享混合I
1438,易方达瑞享混合E
1441,易方达瑞信混合I
1442,易方达瑞信混合E
1443,易方达瑞选灵活配置混合I
1444,易方达瑞选灵活配置混合E
1445,华安国企改革主题灵活配置混合
1446,招商丰泽混合C
1447,天弘惠利混合
1448,华商双翼平衡混合
1449,华商双驱优选混合
1453,鹏华弘鑫混合A
1454,鹏华弘鑫混合C
1455,景顺长城中证500ETF联接
1457,华商新常态混合
1463,光大一带一路混合
1464,光大鼎鑫混合A
1466,华富永鑫灵活配置混合A
1467,华富永鑫灵活配置混合C
1468,广发改革混合
1469,广发中证全指金融地产联接A
1470,融通通鑫灵活配置混合
1471,融通新能源灵活配置混合
1473,建信大安全战略精选股票
1474,兴银丰盈灵活配置
1475,易方达国防军工混合
1476,中银智能制造股票
1479,中邮风格轮动灵活配置混合
1480,财通成长优选混合
1482,上投摩根新兴服务股票
1484,天弘新价值混合
1485,华安添颐混合
1487,宝盈优势产业混合
1488,万家瑞丰灵活配置混合A
1489,万家瑞丰灵活配置混合C
1490,汇添富国企创新股票
1495,东方新价值混合A
1496,工银聚焦30股票
1498,建信鑫荣回报灵活配置混合
1499,国投瑞银新增长混合A
1500,泓德远见回报混合
1503,南方利鑫C
1504,南方利淘C
1505,南方利众C
1506,景顺长城泰和回报混合A
1507,景顺长城泰和回报混合C
1508,富国新动力灵活配置混合A
1510,富国新动力灵活配置混合C
1511,兴全新视野定开混合
1513,易方达信息产业混合
1515,平安新鑫先锋C
1518,万家瑞兴
1520,国投瑞银研究精选股票
1521,国寿安保成长优选股票
1522,博时新策略灵活配置混合A
1523,博时新策略灵活配置混合C
1524,华泰柏瑞精选回报混合
1528,诺安先进制造股票
1530,万家瑞富灵活配置混合
1531,招商安益灵活配置混合
1532,华安文体健康混合
1534,华宝万物互联混合
1535,景顺长城改革机遇灵活配置A
1536,南方君选
1537,中加改革红利混合
1538,上投摩根科技前沿灵活配置混合
1539,嘉实中证金融地产ETF联接A
1540,浙商汇金转型驱动
1541,汇添富民营新动力股票
1542,国泰互联网+股票
1543,宝盈新锐混合A
1547,兴业聚惠灵活配置混合A
1548,天弘上证50指数A
1549,天弘上证50指数C
1550,天弘中证医药100A
1551,天弘中证医药100C
1552,天弘中证证券保险A
1553,天弘中证证券保险C
1556,天弘中证500指数增强A
1557,天弘中证500指数增强C
1558,天弘医疗健康混合A
1559,天弘医疗健康混合C
1562,易方达瑞和灵活配置混合
1563,华富健康文娱灵活配置混合
1564,东方红京东大数据混合
1566,南方利达A
1567,南方利达C
1569,泰信国策驱动灵活配置混合
1570,南方利安A
1571,嘉合磐石A
1572,嘉合磐石C
1573,南方互联网+灵活配置混合
1574,中海混改红利混合
1576,国泰智能装备股票
1577,嘉实低价策略股票
1579,国泰大农业股票
1580,南方利安C
1581,华安沪港深通精选灵活配置混合
1583,安信新常态股票
1584,国投瑞银新活力定开混合A
1585,国投瑞银新活力定开混合C
1588,天弘中证800指数A
1589,天弘中证800指数C
1592,天弘创业板ETF联接基金A
1593,天弘创业板ETF联接基金C
1594,天弘中证银行指数A
1595,天弘中证银行指数C
1596,信诚新泽A
1601,鑫元鑫新收益灵活配置混合A
1602,鑫元鑫新收益灵活配置混合C
1602,鑫元鑫新收益灵活配置混合C
1603,易方达安盈回报混合
1604,浙商汇金转型升级灵活配置混合
1605,国富沪港深成长精选股票
1606,农银工业4.0混合
1607,英大策略优选A
1608,英大策略优选C
1609,平安鑫享混合A
1610,平安鑫享混合C
1613,长城久祥混合
1614,东方区域发展混合
1615,中欧睿尚定期开放混合A
1616,嘉实环保低碳股票
1617,天弘中证电子ETF联接A
1618,天弘中证电子ETF联接C
1623,兴业国企改革混合
1626,国泰央企改革股票
1628,招商体育文化休闲股票
1629,天弘中证计算机ETF联接A
1630,天弘中证计算机ETF联接C
1631,天弘中证食品饮料指数A
1632,天弘中证食品饮料指数C
1633,万家瑞祥混合A
1634,万家瑞祥混合C
1635,万家瑞益灵活配置混合A
1636,万家瑞益灵活配置混合C
1637,嘉实腾讯自选股大数据策略股票
1638,前海开源优势蓝筹股票C
1641,富国绝对收益多策略混合A
1643,汇丰晋信智造先锋股票A
1644,汇丰晋信智造先锋股票C
1645,国泰大健康股票
1648,工银新价值灵活配置混合
1650,工银丰收回报灵活配置混合A
1651,工银新蓝筹股票
1654,国联安添鑫灵活配置混合C
1656,农银中国优势灵活配置混合
1657,长安鑫富领先混合
1659,富安达新动力混合
1660,富安达行业轮动混合
1662,创金合信沪港深精选混合
1663,中银互联网+股票
1664,平安鑫安混合A
1665,平安鑫安混合C
1667,南方转型混合
1672,国寿安保智慧生活股票
1675,江信同福A
1676,江信同福C
1677,中银战略新兴产业股票
1678,英大国企改革主题股票
1679,前海开源中国稀缺资产混合A
1681,新华积极价值灵活配置混合
1682,新华鑫回报混合
1685,汇添富沪港深新价值股票
1686,安信新动力混合A
1687,安信新动力混合C
1688,嘉实新起点混合A
1692,南方国策动力
1694,华安沪港深外延增长混合
1695,泓德泓业混合
1696,南方智造股票
1701,中融产业升级混合
1702,东方创新科技混合
1703,银华沪港深增长股票
1704,国投瑞银进宝灵活配置混合
1705,泓德战略转型股票
1706,诺安积极回报混合
1707,诺安高端制造股票
1708,东兴改革精选混合
1709,华富物联世界灵活配置混合
1710,安信新趋势混合A
1711,安信新趋势混合C
1712,东方红优势精选混合
1714,工银文体产业股票A
1715,工银新焦点混合A
1716,工银新趋势灵活配置混合A
1717,工银前沿医疗股票A
1718,工银物流产业股票
1719,工银国家战略股票
1720,工银新增利混合
1721,工银新增益混合
1722,工银银和利混合
1723,华商新动力混合
1724,申万菱信多策略灵活配置混合C
1725,汇添富高端制造股票
1726,汇添富新兴消费股票
1727,申万菱信安鑫回报混合C
1728,银华战略新兴定开混合
1730,兴银大健康
1731,广发百发大数据价值混合A
1732,广发百发大数据价值混合E
1733,泰达宏利量化股票
1734,广发百发大数据成长混合A
1735,广发百发大数据成长混合E
1736,圆信永丰优加生活
1738,大摩新趋势混合
1739,中融融安混合二号
1740,光大中国制造2025混合
1741,广发百发大数据精选混合A
1742,广发百发大数据精选混合E
1743,诺安优选回报混合
1744,诺安进取回报混合
1745,易方达瑞富灵活配置混合I
1746,易方达瑞富灵活配置混合E
1747,易方达瑞祺灵活配置混合I
1748,易方达瑞祺灵活配置混合E
1749,招商中国机遇股票
1753,红土创新新兴产业混合
1755,嘉实新思路混合
1756,嘉实策略优选混合
1758,嘉实研究增强混合
1759,嘉实成长增强混合
1760,嘉实创新成长混合
1761,广发安宏回报混合A
1762,广发安宏回报混合C
1763,广发多策略混合
1764,广发沪港深新机遇股票
1765,前海开源嘉鑫混合A
1766,上投摩根医疗健康股票
1770,前海开源嘉鑫混合C
1775,鹏华弘泰C
1780,诺安改革趋势灵活配置混合
1781,建信现代服务业股票
1782,九泰久益混合A
1789,国泰量化收益灵活配置混合
1790,国泰智能汽车股票
1791,大成绝对收益策略混合A
1792,大成绝对收益策略混合C
1795,上投摩根文体休闲灵活配置混合
1796,汇添富安鑫智选混合A
1797,华融新利灵活配置混合
1798,泰康新回报灵活配置混合A
1799,泰康新回报灵活配置混合C
1800,华安新乐享混合
1801,汇添富达欣混合A
1802,易方达瑞财混合I
1803,易方达瑞财混合E
1806,易方达瑞智灵活配置混合I
1807,易方达瑞智灵活配置混合E
1808,银华互联网主题灵活配置混合
1809,中信建投智信物联网A
1810,中欧潜力价值灵活配置混合A
1811,中欧明睿新常态混合A
1815,华泰柏瑞激励动力混合A
1816,汇添富新睿精选混合A
1817,易方达瑞兴灵活配置混合I
1818,易方达瑞兴灵活配置混合E
1822,华商智能生活灵活配置混合
1823,光大鼎鑫混合C
1824,博时沪港深成长企业
1825,建信中国制造2025
1827,富国研究优选沪港深混合
1829,北信瑞丰中国智造
1830,融通跨界成长灵活配置混合
1832,易方达瑞恒灵活配置混合
1834,长盛战略新兴产业混合C
1835,易方达瑞祥灵活配置混合I
1836,易方达瑞祥灵活配置混合E
1837,前海开源沪港深蓝筹精选混合
1838,国投瑞银国家安全混合
1839,九泰久兴灵活配置混合
1844,九泰久益混合C
1849,前海开源强势共识100强股票
1850,国泰安益灵活配置混合A
1852,融通中国风1号灵活配置混合A/B
1856,易方达环保主题混合
1857,易方达现代服务业混合
1858,建信鑫利灵活配置混合
1861,富安达健康人生混合
1864,中海魅力长三角混合
1865,前海开源事件驱动混合C
1866,北信瑞丰新成长
1869,招商制造业混合A
1874,前海开源沪港深价值精选混合
1875,前海开源沪港深优势精选混合
1877,宝盈国家安全沪港深股票
1878,嘉实沪港深精选股票
1879,长城创业板指数增强A
1880,长城中国智造灵活配置混合A
1881,中欧新趋势混合E
1882,中欧价值发现混合E
1883,中欧新动力混合(LOF)E
1884,中欧互通精选混合E
1885,中欧新蓝筹混合E
1886,中欧行业成长混合(LOF)E
1887,中欧价值智选混合E
1888,中欧盛世成长混合(LOF)E
1890,中欧精选定期开放混合E
1891,中欧成长优选混合E
1892,长盛新兴成长混合
1897,九泰久盛量化先锋混合A
1898,易方达大健康混合
1899,东海社会安全
1900,诺安精选价值混合
1901,前海开源沪港深隆鑫混合A
1902,前海开源沪港深隆鑫混合C
1903,光大欣鑫混合A
1904,光大欣鑫混合C
1905,华安安益灵活配置混合
1907,国投瑞银境煊灵活配置混合A
1908,国投瑞银境煊灵活配置混合C
1910,泰康新机遇混合
1914,中信建投聚利混合A
1915,宝盈医疗健康沪港深股票
1917,招商量化精选股票A
1922,国泰多策略收益混合
1924,华夏国企改革混合
1927,华夏消费升级灵活配置混合A
1928,华夏消费升级灵活配置混合C
1932,国寿安保灵活优选混合
1933,华商新兴活力混合
1938,中欧时代先锋股票A
1939,光大睿鑫混合A
1940,农银现代农业加
1942,前海开源沪港深汇鑫混合A
1943,前海开源沪港深汇鑫混合C
1947,上投摩根安鑫回报A
1951,金鹰改革红利混合
1955,中欧养老产业混合
1956,国联安科技动力
1959,华商乐享互联灵活配置混合
1965,圆信永丰兴源灵活配置混合A
1966,圆信永丰兴源灵活配置混合C
1967,华宝转型升级混合
1970,泰信鑫选灵活配置混合A
1972,前海开源沪港深智慧生活混合
1974,景顺长城量化新动力股票
1975,景顺长城环保优势股票
1978,泰信互联网+混合
1979,南方沪港深价值
1980,中欧量化驱动混合
1983,中邮低碳配置混合
1985,富国低碳新经济混合
1986,前海开源人工智能主题混合
1990,中欧数据挖掘混合A
1997,工银新趋势灵活配置混合C
1998,工银新焦点混合C
2000,工银新生利混合
2001,华夏回报混合A
2003,工银新机遇灵活配置混合A
2004,工银新机遇灵活配置混合C
2005,工银新得利混合
2006,工银新得益混合
2009,中欧瑾通灵活配置混合A
2010,中欧瑾通灵活配置混合C
2011,华夏红利混合
2015,南方荣光A
2016,南方荣光C
2017,招商瑞丰灵活配置混合发起式C
2018,鹏华弘安混合A
2019,鹏华弘安混合C
2020,国都创新驱动
2021,华夏回报二号混合
2023,红塔红土稳健回报A
2024,红塔红土稳健回报C
2025,广发聚盛混合A
2026,广发聚盛混合C
2027,中加心享混合A
2028,九泰天宝灵活配置混合C
2029,安信动态策略混合C
2030,信诚新选混合B
2031,华夏策略混合
2035,安信平稳增长混合发起C
2036,安信优势增长混合C
2043,天治研究驱动混合C
2046,信诚新锐混合B
2049,融通新机遇灵活配置混合
2051,诺安创新驱动混合C
2052,诺安稳健回报灵活配置混合C
2053,诺安优势行业混合C
2054,中银新财富混合A
2055,国泰兴益灵活配置混合C
2056,中银新财富混合C
2057,中银新机遇混合A
2058,中银新机遇混合C
2059,国泰浓益灵活配置混合C
2060,东方新策略灵活配置混合C
2061,国泰安康定期支付混合C
2062,国泰国策驱动灵活配置混合C
2063,国泰沪深300指数增强C
2064,华富产业升级灵活配置混合
2067,诺安精选回报混合
2068,东方多策略灵活配置混合C
2071,长安产业精选混合C
2072,长安鑫利优选混合C
2075,光大睿鑫混合C
2076,浙商中证500指数增强A
2079,前海开源中国稀缺资产混合C
2080,前海开源一带一路混合C
2082,华泰柏瑞激励动力混合C
2083,新华鑫动力灵活配置混合A
2084,新华鑫动力灵活配置混合C
2085,长盛互联网+混合
2087,国富新机遇混合A
2088,国富新机遇混合C
2091,华泰柏瑞新利混合C
2095,博时新收益A
2096,博时新收益C
2103,招商康泰灵活配置混合
2106,德邦福鑫灵活配置混合C
2111,华宝新起点混合
2112,德邦鑫星价值灵活配置混合C
2116,广发安享混合A
2117,广发安享混合C
2118,广发安盈混合A
2119,广发安盈混合C
2120,广发安悦混合
2121,广发沪港深新起点股票A
2123,北信瑞丰外延增长
2124,广发新兴产业混合A
2125,广发新兴成长混合
2132,广发鑫享混合
2133,广发鑫益混合
2134,广发鑫裕混合A
2135,广发鑫源混合A
2136,广发鑫源混合C
2137,诺安利鑫灵活配置混合
2141,建信鑫丰回报灵活配置混合C
2142,博时外延增长主题灵活配置混合
2144,华安新优选灵活配置混合C
2145,诺安景鑫灵活配置混合
2146,长安鑫益增强混合A
2147,长安鑫益增强混合C
2148,国寿安保稳惠混合
2149,嘉实新优选混合
2152,华宝核心优势混合
2155,国金鑫瑞灵活配置混合
2156,长盛盛世混合A
2157,长盛盛世混合C
2158,汇添富安鑫智选混合C
2159,东吴国企改革
2160,南方驱动混合
2161,银华万物互联灵活配置混合
2162,东方新价值混合C
2163,东方惠新灵活配置混合C
2164,汇添富新睿精选混合C
2165,汇添富达欣混合C
2166,华夏永福混合C
2167,南方顺康混合
2168,嘉实智能汽车股票
2170,东吴移动互联C
2172,海富通新内需混合C
2174,东方互联网嘉混合
2177,信诚新泽B
2178,嘉实新起点混合C
2179,华安事件驱动量化策略混合
2180,中银移动互联灵活配置混合
2181,华安大安全混合
2182,东兴蓝海财富混合
2186,国联安鑫享灵活配置混合C
2189,农银汇理国企改革混合
2190,农银新能源主题
2191,农银物联网混合
2192,东方鼎新灵活配置混合C
2194,北信瑞丰稳定增强
2196,金鹰技术领先灵活配置混合C
2197,国泰鑫策略价值混合
2199,前海开源中证军工指数C
2207,前海开源金银珠宝混合C
2210,创金合信量化多因子股票A
2211,嘉实新财富混合
2212,嘉实新起航混合
2213,中海顺鑫灵活配置混合
2214,中海沪港深价值优选混合
2216,易方达量化策略A
2217,易方达量化策略C
2220,南方瑞利灵活配置混合
2222,嘉实新趋势混合
2224,中邮绝对收益策略定期开放混合
2227,长城新优选混合A
2228,长城新优选混合C
2229,华夏经济转型股票
2231,华夏新趋势混合A
2232,华夏新趋势混合C
2233,工银丰收回报灵活配置混合C
2236,大成360互联网+大数据100A
2244,景顺长城低碳科技主题混合
2249,招商境远灵活配置混合
2251,华夏军工安全混合
2252,融通成长30灵活配置混合
2256,金信行业优选混合发起式
2258,大成国企改革灵活配置混合
2259,鹏华健康环保混合
2261,中银宝利混合A
2262,中银宝利混合C
2263,泰达宏利大数据混合A
2264,华夏乐享健康混合
2269,银华大数据灵活配置定开混合
2270,东吴安盈量化灵活配置混合
2271,招商安弘灵活配置混合
2272,新华科技创新主题灵活配置混合
2273,泰达宏利创益混合B
2281,建信裕利灵活配置混合
2282,平安安享灵活配置混合A
2288,中银稳进策略混合
2289,华商改革创新股票
2291,诺安安鑫灵活配置混合
2292,诺安益鑫灵活配置混合
2293,南方益和混合
2295,广发稳安灵活配置A
2296,长城行业轮动混合
2300,长盛医疗行业量化配置股票
2303,金鹰智慧生活混合
2304,平安安心灵活配置混合A
2305,光大风格轮动混合A
2307,银华多元视野灵活配置混合
2310,创金合信沪深300指数增强A
2311,创金合信中证500指数增强A
2313,泰达宏利新起点混合B
2314,泰达宏利新思路混合B
2315,创金合信沪深300指数增强C
2316,创金合信中证500指数增强C
2317,招商睿逸混合
2319,大成一带一路灵活配置混合
2322,银华汇利灵活配置混合C
2323,银华稳利灵活配置混合C
2326,银华聚利灵活配置混合C
2327,银华恒利灵活配置混合C
2328,银华泰利灵活配置混合C
2330,兴业聚宝灵活配置混合
2331,泰康安泰回报混合
2333,汇丰晋信沪港深C
2334,汇丰晋信大盘波动股票A
2335,汇丰晋信大盘波动股票C
2339,海富通安颐收益混合C
2340,富国价值优势混合
2345,华夏高端制造混合
2350,华安安华灵活配置混合
2358,国投瑞银瑞祥
2360,前海开源清洁能源混合C
2363,华安安康灵活配置混合A
2364,华安安康灵活配置混合C
2367,国联安安稳混合
2376,国寿安保核心产业混合
2378,建信弘利灵活配置混合
2383,大成趋势回报灵活配置混合
2384,九泰鸿祥服务升级灵活配置混合
2385,博时沪深300指数C
2387,工银沪港深股票A
2388,天弘裕利灵活配置混合A
2389,招商安德灵活配置混合A
2390,招商安德灵活配置混合C
2398,华安安禧混合A
2399,华安安禧混合C
2407,前海开源恒远灵活配置混合
2408,中信建投医改混合A
2409,华夏新活力混合A
2410,华夏新活力混合C
2411,华夏新机遇混合A
2413,中银瑞利混合A
2414,中银瑞利混合C
2415,融通通盈灵活配置混合
2416,招商丰利灵活配置混合C
2417,招商丰盛稳定增长混合C
2418,汇添富优选回报灵活配置混合C
2419,汇添富盈安灵活配置混合
2420,汇添富盈鑫混合
2424,博时文体娱乐主题混合
2425,金鹰元禧混合C
2430,中银丰利混合A
2431,中银丰利混合C
2434,中银宏利混合A
2435,中银宏利混合C
2436,上投摩根红利回报混合C
2443,前海开源沪港深龙头精选混合
2446,广发利鑫灵活配置混合
2449,民生加银量化中国混合
2450,平安睿享文娱混合A
2451,平安睿享文娱混合C
2453,九泰久稳灵活配置混合A
2454,九泰久稳灵活配置混合C
2455,民生加银鑫喜混合
2456,招商安元灵活配置混合A
2457,招商安元灵活配置混合C
2458,国泰民利策略收益混合
2461,中银珍利混合A
2462,中银珍利混合C
2463,创金合信价值红利混合A
2465,东兴众智优选混合
2472,光大先进服务业混合
2482,宝盈互联网沪港深混合
2485,国联安通盈混合C
2489,国泰民福策略价值混合
2494,兴业聚盈灵活配置混合
2495,前海开源量化优选A
2496,前海开源量化优选C
2497,东方盛世灵活配置混合A
2498,兴业聚鑫灵活配置混合A
2502,中银腾利混合A
2503,中银腾利混合C
2504,鹏华金鼎灵活配置混合A
2505,鹏华金鼎灵活配置混合C
2510,申万菱信中证500指数增强A
2512,长城久润混合
2513,金鹰元安混合C
2514,招商丰益混合A
2515,招商丰益混合C
2518,民生加银鑫福混合A
2533,中加心享混合C
2535,中银鑫利混合A
2536,中银鑫利混合C
2537,平安安盈灵活配置混合
2542,长城久鼎混合
2543,长城久益混合A
2544,长城久益混合C
2545,东方岳灵活配置混合
2547,民生加银养老服务混合
2553,博时创业成长混合C
2555,博时沪港深优质企业基金C
2556,博时丝路主题股票C
2558,博时鑫瑞混合A
2559,博时鑫瑞混合C
2560,诺安和鑫灵活配置混合
2561,东吴安鑫量化
2562,泓德泓益量化混合
2563,泓德泓汇混合
2564,新沃通盈灵活配置混合
2567,大成国家安全主题混合
2573,建信汇利灵活配置混合
2574,招商瑞庆混合A
2577,南方新兴混合
2580,泰信鑫选灵活配置混合C
2581,招商丰凯混合A
2582,招商丰凯混合C
2583,泰信行业精选混合C
2584,富安达长盈灵活配置混合
2585,建信兴利灵活配置混合
2588,博时银智大数据100A
2593,富国美丽中国混合
2594,工银现代服务业混合
2595,博时工业4.0主题股票
2597,兴业成长动力混合
2598,平安消费精选混合A
2599,平安消费精选混合C
2601,中银证券价值精选混合
2602,易方达丰惠混合
2604,华夏新起点混合A
2605,融通新消费灵活配置混合
2610,博时黄金ETF联接A
2611,博时黄金ETF联接C
2612,融通通慧混合A/B
2614,中银颐利混合A
2615,中银颐利混合C
2616,中银益利混合A
2617,中银益利混合C
2618,中银裕利混合A
2619,中银裕利混合C
2620,中邮未来新蓝筹混合
2621,中欧消费主题股票A
2622,广发稳裕混合
2624,广发优企精选混合A
2628,招商安博灵活配置混合A
2629,招商安博灵活配置混合C
2630,江信瑞福灵活配置混合A
2631,江信瑞福灵活配置混合C
2634,华宝未来主导混合
2639,天弘价值精选灵活配置混合
2640,中信建投睿溢混合A
2643,鹏华兴利混合
2649,民生智造2025灵活配置混合
2653,泰康沪港深精选混合
2654,上投摩根策略精选混合
2656,南方创业板ETF联接A
2657,招商安裕灵活配置混合A
2658,招商安裕灵活配置混合C
2660,兴业聚源灵活配置混合
2662,前海开源沪港深大消费混合A
2663,前海开源沪港深大消费混合C
2664,万家瑞和灵活配置混合A
2665,万家瑞和灵活配置混合C
2666,前海开源沪港深创新成长混合A
2667,前海开源沪港深创新成长混合C
2668,兴业聚丰灵活配置混合
2669,华商万众创新混合
2670,万家沪深300指数增强A
2671,万家沪深300指数增强C
2681,金鹰元和灵活配置混合A
2682,金鹰元和灵活配置混合C
2683,民生加银前沿科技灵活配置混合
2685,中欧丰泓沪港深混合A
2686,中欧丰泓沪港深混合C
2690,前海开源恒泽混合A
2691,前海开源恒泽混合C
2692,富国创新科技混合
2694,中银新蓝筹混合
2697,中欧消费主题股票C
2703,长城久源灵活配置混合
2707,大摩科技领先混合
2708,大摩健康产业混合
2714,鹏华金城混合
2717,红塔红土盛隆灵活配置A
2718,红塔红土盛隆灵活配置C
2728,华富益鑫灵活配置混合A
2729,华富益鑫灵活配置混合C
2730,华富华鑫灵活配置混合A
2731,华富华鑫灵活配置混合C
2732,长盛沪港深混合
2745,北信瑞丰丰利混合
2746,汇添富多策略定开混合
2767,泰康宏泰回报混合
2768,华安安进灵活配置混合
2770,安信新回报混合A
2771,安信新回报混合C
2772,光大产业新动力混合
2773,光大铭鑫混合A
2774,光大铭鑫混合C
2776,招商安荣混合A
2777,招商安荣混合C
2778,新疆前海联合新思路混合A
2779,新疆前海联合新思路混合C
2780,前海联合泓鑫混合A
2783,东方红价值精选混合A
2784,东方红价值精选混合C
2789,长盛同享灵活配置A
2790,长盛同享灵活配置C
2792,景顺长城顺益回报混合A
2793,景顺长城顺益回报混合C
2801,泓德泓信混合
2802,广发东财大数据混合
2803,东方红沪港深混合
2804,华泰柏瑞量化对冲
2808,泓德优势领航混合
2810,金信转型创新成长混合发起式
2813,博时颐泰混合A
2814,博时颐泰混合C
2819,招商丰美混合A
2820,招商丰美混合C
2823,招商盛达混合A
2824,招商盛达混合C
2833,华夏新锦绣混合A
2834,华夏新锦绣混合C
2837,华夏网购精选混合A
2838,华夏新锦程混合A
2839,华夏新锦程混合C
2844,金鹰多元策略混合
2845,上投摩根安鑫回报C
2846,泓德泓华混合
2849,金信智能中国2025混合
2850,南方甑智混合
2851,南方品质混合
2860,前海开源沪港深新机遇混合
2861,工银智能制造股票
2862,金信量化精选混合
2863,金信深圳成长混合发起式
2871,华夏智胜价值成长A
2872,华夏智胜价值成长C
2885,大摩万众创新灵活配置混合
2900,南方中证500信息技术联接A
2903,广发中证500ETF联接C
2906,南方中证500量化增强A
2907,南方中证500量化增强C
2908,富国睿利定开混合发起式
2910,易方达供给改革混合
2919,东吴智慧医疗量化策略混合
2923,兴业聚惠灵活配置混合C
2934,泰康恒泰回报混合A
2935,泰康恒泰回报混合C
2938,中银证券健康产业混合
2939,广发创新升级混合
2943,广发多因子混合
2945,大成盛世精选灵活配置混合
2952,建信多因子量化股票
2955,融通新趋势灵活配置混合
2959,汇添富盈泰混合
2963,易方达黄金ETF联接C
2967,浙商大数据智选消费混合
2974,广发信息技术联接C
2977,广发中证全指可选消费联接C
2978,广发医药卫生联接C
2979,广发中证全指金融地产联接C
2980,华夏创新前沿股票
2982,广发养老指数C
2983,长信国防军工量化混合A
2984,广发中证环保ETF联接C
2987,广发沪深300ETF联接C
2989,融通通乾研究精选混合
3000,招商丰德灵活配置混合A
3001,招商丰德灵活配置混合C
3004,招商睿祥定开混合
3015,中金沪深300A
3016,中金中证500A
3017,广发中证军工ETF联接A
3025,新华红利回报混合
3026,安信新价值混合A
3027,安信新价值混合C
3028,安信新优选混合A
3029,安信新优选混合C
3030,安信新目标混合A
3031,安信新目标混合C
3032,平安医疗健康混合
3044,东方红战略精选混合A
3045,东方红战略精选混合C
3053,嘉实文体娱乐股票A
3054,嘉实文体娱乐股票C
3059,长信先利半年定开混合A
3062,银华通利混合A
3063,银华通利混合C
3064,南方荣欢混合
3069,光大创业板量化优选A
3070,光大创业板量化优选C
3095,中欧医疗健康混合A
3096,中欧医疗健康混合C
3105,光大永鑫混合A
3106,光大永鑫混合C
3115,光大诚鑫混合A
3116,光大诚鑫混合C
3117,光大吉鑫混合A
3118,光大吉鑫混合C
3119,博时鑫源混合A
3120,博时鑫源混合C
3125,中科沃土沃鑫成长精选混合A
3126,长信易进混合A
3127,长信易进混合C
3131,国寿安保强国智造混合
3132,德邦新回报灵活配置混合
3142,鹏华弘达混合A
3143,鹏华弘达混合C
3144,华宝新机遇混合(LOF)C
3145,中融竞争优势
3147,大成动态量化混合
3150,中欧睿诚定期开放混合A
3151,中欧睿诚定期开放混合C
3152,华富天鑫灵活配置混合A
3153,华富天鑫灵活配置混合C
3154,华宝新活力混合
3161,南方安泰混合
3165,鹏华弘嘉混合A类
3166,鹏华弘嘉混合C类
3169,长盛盛辉混合A
3170,长盛盛辉混合C
3175,华泰柏瑞多策略混合
3182,华富弘鑫混合A
3183,华富弘鑫混合C
3184,中证财通可持续发展100指数C
3186,鹏华兴安定期开放混合
3187,嘉实安益混合
3189,汇添富保鑫混合
3190,创金合信消费主题股票A
3191,创金合信消费主题股票C
3194,汇添富中证上海国企ETF联接
3208,东兴量化多策略混合
3224,鹏华兴润定期开放混合A
3225,鹏华兴润定期开放混合C
3230,创金合信医疗保健股票A
3231,创金合信医疗保健股票C
3232,创金合信金融地产A
3233,创金合信金融地产C
3234,信诚至利混合A
3235,信诚至利混合C
3238,新华外延增长主题灵活配置混合
3241,创金合信量化发现混合A
3242,创金合信量化发现混合C
3279,融通沪港深智慧生活灵活配置混合
3282,信诚至裕灵活配置混合A
3283,信诚至裕灵活配置混合C
3284,中邮医药健康混合
3291,信达澳银健康中国混合
3292,嘉实优势成长混合
3293,易方达科瑞混合
3295,南方安裕混合A
3298,嘉实物流产业股票A
3299,嘉实物流产业股票C
3300,华夏圆和混合
3304,前海开源沪港深核心资源混合A
3305,前海开源沪港深核心资源混合C
3308,中信建投睿利A
3318,景顺中证500行业中性低波动
3319,建信瑞丰添利混合A
3320,建信瑞丰添利混合C
3331,博时乐臻定开混合
3332,南方荣发混合
3333,泰信智选成长混合
3343,鹏华弘惠灵活配置混合A
3344,鹏华弘惠灵活配置混合C
3345,安信新成长混合A
3346,安信新成长混合C
3351,招商稳荣定开混合A
3352,招商稳荣定开混合C
3359,大成360互联网+大数据100C
3366,浙商汇金中证转型成长指数
3367,鹏华兴合定期开放混合A
3368,鹏华兴合定期开放混合C
3373,大成景禄灵活配置混合A
3374,大成景禄灵活配置混合C
3378,泰康策略优选混合
3379,信诚至选混合A
3380,信诚至选混合C
3396,东方红优享红利混合
3397,银华体育文化灵活配置混合
3411,鹏华弘康灵活配置混合A
3412,鹏华弘康灵活配置混合C
3413,华泰柏瑞新经济沪港深混合
3416,招商财经大数据股票A
3432,信诚至瑞灵活配置A
3433,信诚至瑞灵活配置C
3434,博时鑫泽灵活配置混合A
3435,博时鑫泽灵活配置混合C
3446,英大睿鑫A
3447,英大睿鑫C
3456,信达澳银新目标混合
3475,前海联合沪深300指数A
3476,南方安颐混合
3484,金鹰鑫益混合A
3492,前海开源外向企业股票
3493,申万菱信安鑫优选混合A
3494,富国天惠成长混合C
3495,鹏华弘尚灵活配置混合A
3496,鹏华弘尚灵活配置混合C
3501,泰达睿智稳健灵活配置混合
3502,金鹰鑫瑞混合A
3503,金鹰鑫瑞混合C
3512,申万菱信安鑫优选混合C
3513,中邮消费升级
3516,国泰融安多策略灵活配置混合
3548,泰达宏利沪深300指数增强C
3550,泰达改革动力混合C
3554,泰达宏利大数据混合C
3561,诺德成长精选A
3562,诺德成长精选C
3567,华夏行业景气混合
3578,中金中证500C
3579,中金沪深300C
3580,泰康沪港深价值优选混合
3581,前海联合国民健康混合A
3582,中金量化多策略混合
3586,先锋精一混合A
3587,先锋精一混合C
3591,华泰柏瑞享利混合A
3592,华泰柏瑞享利混合C
3593,国泰景气行业灵活配置混合
3594,长盛盛崇灵活配置混合A
3595,长盛盛崇灵活配置混合C
3598,华商润丰灵活配置混合A
3601,申万菱信安鑫精选混合A
3602,申万菱信安鑫精选混合C
3603,景顺长城泰安回报混合A
3604,景顺长城泰安回报混合C
3610,南方荣安A
3611,南方荣安C
3624,创金合信资源股票发起式A
3625,创金合信资源股票发起式C
3626,平安鑫利混合A
3634,嘉实农业产业股票
3641,长盛盛丰灵活配置混合A
3642,长盛盛丰灵活配置混合C
3646,创金合信中证1000指数增强A
3647,创金合信中证1000指数增强C
3655,信达澳银新财富混合
3658,长盛量化多策略灵活配置混合
3659,山西策略灵活配置混合
3663,鹏华兴泰定期开放混合
3670,中融物联网主题灵活配置混合
3684,汇安丰融混合A
3685,汇安丰融混合C
3692,大成景尚灵活配置混合A
3693,大成景尚灵活配置混合C
3697,华夏睿磐泰盛定开混合
3704,光大事件驱动混合
3713,英大睿盛A
3714,英大睿盛C
3715,宝盈消费主题混合
3717,中银量化精选混合A
3734,万家瑞盈灵活配置混合A
3735,万家瑞盈灵活配置混合C
3739,新华鑫弘灵活配置混合
3745,广发多元新兴股票
3749,创金合信鑫收益混合A
3750,创金合信鑫收益混合C
3751,万家瑞隆混合
3754,国泰普益混合A
3755,国泰普益混合C
3760,国泰中证500指数增强A
3761,国泰中证500指数增强C
3762,国开开泰灵活配置混合A
3763,国开开泰灵活配置混合C
3765,广发创业板ETF联接A
3766,广发创业板ETF联接C
3769,中银品质生活混合
3780,鹏华兴悦定期开放混合
3797,华安新瑞利混合A
3798,华安新瑞利混合C
3799,华安新泰利灵活配置混合A
3800,华安新泰利灵活配置混合C
3803,华安新丰利灵活配置混合A
3804,华安新丰利灵活配置混合C
3805,华安新恒利混合A
3806,华安新恒利混合C
3813,泰康金泰3月定开混合
3822,中信建投轮换混合A
3823,中信建投轮换混合C
3828,鹏华兴惠定期开放混合
3831,建信鑫瑞回报灵活配置混合
3834,华夏能源革新股票
3835,鹏华沪深港新兴成长混合
3839,易方达瑞通灵活配置混合A
3840,易方达瑞通灵活配置混合C
3843,中邮景泰灵活配置混合C
3845,汇安丰恒灵活配置混合A
3846,汇安丰恒灵活配置混合C
3848,中银广利灵活配置混合A
3849,中银广利灵活配置混合C
3850,中银锦利灵活配置混合A
3851,中银锦利灵活配置混合C
3853,金鹰信息产业股票A
3854,汇安丰华混合A
3855,汇安丰华混合C
3857,前海开源周期优选混合A
3858,前海开源周期优选混合C
3861,招商兴福混合A
3862,招商兴福混合C
3865,创金合信量化多因子股票C
3876,华宝沪深300指数增强A
3877,富国久利稳健配置混合A
3878,富国久利稳健配置混合C
3882,易方达瑞弘混合A
3883,易方达瑞弘混合C
3884,汇安沪深300指数增强A
3885,汇安沪深300指数增强C
3886,汇安丰利混合A
3887,汇安丰利混合C
3889,汇安丰泽混合A
3890,汇安丰泽混合C
3900,交银瑞鑫定开混合
3912,泰达宏利启富混合A
3913,泰达宏利启富混合C
3938,南方荣尊混合A
3939,南方荣尊混合C
3940,银华盛世精选灵活配置混合发起式
3950,博时鑫润混合A
3951,博时鑫润混合C
3955,国泰民丰回报定开混合
3956,南方教育股票
3957,安信量化精选沪深300增强A
3958,安信量化精选沪深300增强C
3961,易方达瑞程灵活配置混合A
3962,易方达瑞程灵活配置混合C
3966,中银润利混合A
3967,中银润利混合C
3980,中银证券瑞益灵活配置混合A
3981,中银证券瑞益灵活配置混合C
3984,嘉实新能源新材料股票A
3985,嘉实新能源新材料股票C
3986,申万菱信中证500指数优选增强A
3993,前海开源沪港深核心驱动混合
4005,东方民丰回报赢安混合A
4006,东方民丰回报赢安混合C
4008,中融鑫思路混合A
4009,中融鑫思路混合C
4010,华泰柏瑞鼎利灵活配置混合A
4011,华泰柏瑞鼎利灵活配置混合C
4040,金鹰医疗健康产业A
4041,金鹰医疗健康产业C
4044,金鹰转型动力混合
4046,华夏新锦顺混合A
4047,华夏新锦顺混合C
4048,华夏新锦汇混合A
4049,华夏新锦汇混合C
4050,华夏新锦升混合A
4051,华夏新锦升混合C
4069,南方中证全指证券公司ETF联接A
4070,南方中证全指证券公司ETF联接C
4075,交银医药创新股票
4076,国联安锐意成长混合
4081,国联安鑫乾混合A
4082,国联安鑫乾混合C
4083,国联安鑫隆混合A
4084,国联安鑫隆混合C
4091,博时沪港深价值优选A
4092,博时沪港深价值优选C
4098,前海开源港股通股息率50强
4099,前海开源沪港深景气行业精选混合
4100,鹏华安益增强混合
4112,创金合信国企活力混合
4119,广发创新驱动灵活配置混合
4128,前海联合泳隆混合A
4129,国联安鑫汇混合A
4130,国联安鑫汇混合C
4131,国联安鑫发混合A
4132,国联安鑫发混合C
4135,申万菱信量化成长混合
4138,上银鑫达混合
4139,中邮军民融合灵活配置混合
4142,招商盛合灵活混合A
4143,招商盛合灵活混合C
4144,上投安丰回报A
4145,上投安丰回报C
4148,圆信永丰多策略
4149,博时鑫惠混合A
4150,博时鑫惠混合C
4153,信诚新悦回报灵活配置混合A
4154,信诚新悦回报灵活配置混合B
4157,信诚至诚灵活配置混合A
4158,信诚至诚灵活配置混合B
4166,东方价值挖掘灵活配置混合A
4171,信诚永益一年定开混合A
4172,信诚永益一年定开混合C
4175,博时鑫泰混合A
4176,博时鑫泰混合C
4182,建信瑞福添利混合A
4183,富国产业升级混合
4189,华商消费行业股票
4190,招商沪深300指数增强A
4191,招商沪深300指数增强C
4192,招商中证500指数A
4193,招商中证500指数C
4194,招商中证1000指数增强A
4195,招商中证1000指数增强C
4202,华夏睿磐泰兴混合
4205,东方支柱产业灵活配置混合
4206,华商元亨灵活配置混合
4209,大成智惠量化多策略混合
4211,金鹰周期优选混合
4212,中融量化智选混合A
4218,前海开源裕和混合A
4219,中海添顺定期开放混合
4221,长信量化先锋混合C
4223,金信多策略精选灵活配置
4224,南方军工改革灵活配置混合
4225,国寿安保稳诚混合A
4226,国寿安保稳诚混合C
4227,泰信鑫利混合A
4228,泰信鑫利混合C
4231,中欧行业成长混合(LOF)C
4232,中欧价值发现混合C
4233,中欧盛世成长混合(LOF)C
4234,中欧数据挖掘混合C
4235,中欧价值智选混合C
4236,中欧新动力混合(LOF)C
4237,中欧新蓝筹混合C
4241,中欧时代先锋股票C
4244,东方周期优选灵活配置混合
4249,安信中国制造2025混合
4250,银河量化优选混合
4252,国泰安益灵活配置混合C
4253,国泰黄金ETF联接C
4258,国寿安保稳嘉混合A
4259,国寿安保稳嘉混合C
4260,德邦稳盈增长灵活配置混合
4263,华安沪港深机会灵活配置混合
4265,金鹰民丰回报定期开放混合
4266,招商沪港深科技创新混合
4270,汇添富民丰回报混合A
4271,汇添富民丰回报混合C
4274,浦银安恒回报定开混合A
4275,浦银安恒回报定开混合C
4276,浦银安和回报定开混合A
4277,浦银安和回报定开混合C
4278,东方红智逸沪港深定开混合
4279,国寿安保稳荣混合A
4280,国寿安保稳荣混合C
4283,中欧达安一年定开混合
4284,华宝新优选定开混合
4292,鹏华沪深港互联网股票
4301,国寿安保稳信混合A
4302,国寿安保稳信混合C
4314,前海开源沪港深新硬件A
4315,前海开源沪港深新硬件C
4316,前海开源沪港深裕鑫A
4317,前海开源沪港深裕鑫C
4320,前海开源沪港深乐享生活
4321,前海开源沪港深强国产业混合
4332,恒生沪港深新兴产业精选混合
4335,华宝新飞跃灵活配置混合
4340,泰康兴泰回报沪港深混合
4341,农银尖端科技混合
4342,南方沪深300联接基金C
4343,南方创业板ETF联接C
4344,南方大数据100C
4345,南方深证成份ETF联接C
4346,南方小康ETF联接C
4347,南方中证500信息技术联接C
4348,南方中证500ETF联接C
4350,汇丰晋信价值先锋股票
4351,汇丰晋信珠三角区域发展混合
4352,北信瑞丰研究精选
4353,嘉实新添华定期混合
4355,嘉实丰和灵活配置混合
4357,南方智慧混合
4359,创金合信量化核心混合A
4360,创金合信量化核心混合C
4361,上投摩根安通回报混合A
4362,上投摩根安通回报混合C
4374,华泰保兴吉年丰混合发起A
4375,华泰保兴吉年丰混合发起C
4390,平安转型创新混合A
4391,平安转型创新混合C
4393,安信合作创新灵活配置混合
4394,华泰柏瑞量化创优混合
4397,长盛信息安全量化策略混合
4403,平安股息精选沪港深A
4404,平安股息精选沪港深C
4405,国寿安保稳寿混合A
4406,国寿安保稳寿混合C
4407,招商上证消费80ETF联接C
4408,招商深证100指数C
4409,招商深证TMT50ETF联接C
4410,招商央视财经50指数C
4413,建信民丰回报混合
4416,博时银智大数据100C
4423,华商研究精选灵活配置
4424,汇添富文体娱乐混合
4432,南方有色金属ETF联接A
4433,南方有色金属ETF联接C
4434,博时逆向投资混合A
4435,博时逆向投资混合C
4436,添富年年泰定开混合A
4437,添富年年泰定开混合C
4442,中欧康裕混合A
4446,南方荣年A
4447,南方荣年C
4448,博时汇智回报灵活配置混合
4450,嘉实前沿科技沪港深股票
4451,汇添富年年丰定开混合A
4452,汇添富年年丰定开混合C
4453,前海开源盈鑫A
4454,前海开源盈鑫C
4455,中欧康裕混合C
4456,兴银消费新趋势灵活配置
4457,光大信多策略智选定开混合
4466,长盛盛杰混合C
4468,建信瑞福添利混合C
4475,华泰柏瑞富利混合
4476,景顺长城沪港深领先科技
4477,嘉实沪港深回报混合
4480,华宝智慧产业混合
4481,华宝第三产业混合
4484,泰达宏利业绩股票A
4485,泰达宏利业绩股票C
4488,嘉实富时中国A50ETF联接A
4495,博时量化平衡混合
4496,前海开源多元策略混合A
4497,前海开源多元策略混合C
4505,博时新兴消费主题混合
4510,九泰久盛量化先锋混合C
4512,海富通沪深300指数增强C
4513,海富通沪深300指数增强A
4517,南方安康混合
4521,安信工业4.0灵活配置混合A
4522,安信工业4.0灵活配置混合C
4532,民生加银中证港股通指数A
4533,民生加银中证港股通指数C
4534,添富年年益定开混合A
4535,添富年年益定开混合C
4536,嘉实中小企业量化活力混合
4546,建信量化优享定开混合
4549,富安达消费主题混合
4557,北信瑞丰鼎丰灵活配置混合
4558,汇安丰裕灵活配置混合A
4559,汇安丰裕灵活配置混合C
4560,汇安丰益混合A
4561,汇安丰益混合C
4569,招商制造业混合C
4573,新华鑫泰灵活配置混合
4576,新华恒益量化灵活配置混合
4597,南方银行ETF联接A
4598,南方银行ETF联接C
4604,富国新活力灵活配置混合A
4605,富国新活力灵活配置混合C
4606,上投摩根优选多因子股票
4607,长信利尚一年定开混合
4608,长信乐信灵活配置混合A
4609,长信乐信灵活配置混合C
4612,银河鑫月享定开混合A
4613,银河鑫月享定开混合C
4616,中欧电子信息产业沪港深股票A
4617,建信鑫稳回报灵活配置混合A
4618,建信鑫稳回报灵活配置混合C
4634,前海联合泳涛混合A
4635,中信建投睿利C
4636,中信建投智信物联网C
4640,华夏节能环保股票
4641,万家量化睿选混合
4642,南方房地产ETF联接A
4643,南方房地产ETF联接C
4648,南方安睿混合
4652,建信鑫利回报灵活配置混合A
4653,建信鑫利回报灵活配置混合C
4666,长城久嘉创新成长混合
4668,建信鑫泽回报灵活配置混合A
4669,建信鑫泽回报灵活配置混合C
4671,中融核心成长
4674,富国新机遇灵活配置混合A
4675,富国新机遇灵活配置混合C
4676,中信建投睿信灵活配置混合C
4677,博时战略新兴产业混合
4680,前海开源裕瑞混合A
4683,建信高端医疗股票
4685,金元顺安元启灵活配置混合
4686,华夏研究精选股票
4687,汇添富熙和精选混合A
4688,汇添富熙和精选混合C
4693,前海联合泳隽混合A
4694,天弘策略精选混合A
4695,东兴未来价值混合A
4696,东兴量化优享混合
4698,博时军工主题股票
4702,南方金融混合
4703,南方兴盛混合
4707,景顺长城睿成混合A
4710,民生加银鹏程混合A
4716,信诚量化阿尔法股票
4719,景顺长城睿成混合C
4720,华夏睿磐泰茂混合A
4721,华夏睿磐泰茂混合C
4724,先锋聚元灵活配置混合A
4725,先锋聚元灵活配置混合C
4726,先锋聚优A
4727,先锋聚优C
4730,建信量化事件驱动股票
4731,万家瑞尧灵活配置混合A
4732,万家瑞尧灵活配置混合C
4734,中欧瑾灵灵活配置混合A
4735,中欧瑾灵灵活配置混合C
4737,富国新优享灵活配置混合A
4738,上投摩根安隆回报A
4739,上投摩根安隆回报C
4740,中欧瑞丰灵活配置混合C
4741,农银汇理区间策略混合
4742,易方达深证100ETF联接C
4743,易方达上证中盘ETF联接C
4744,易方达创业板ETF联接C
4745,长盛创新驱动灵活配置混合
4746,易方达上证50指数C
4747,富国新优享灵活配置混合C
4748,天弘策略精选混合C
4750,广发鑫和灵活配置混合A
4751,广发鑫和灵活配置混合C
4752,广发中证传媒ETF联接A
4753,广发中证传媒ETF联接C
4756,国寿安保稳吉混合A
4757,国寿安保稳吉混合C
4760,国寿安保稳瑞混合A
4761,国寿安保稳瑞混合C
4763,中科沃土沃嘉混合A
4764,中科沃土沃嘉混合C
4769,申万菱信价值优先混合
4772,国寿安保稳泰一年定开混合A
4773,国寿安保稳泰一年定开混合C
4774,添富添福吉祥混合
4775,嘉实新添泽定期混合
4783,中融量化智选混合C
4784,招商稳健优选股票
4788,富荣沪深300指数增强A
4789,富荣沪深300指数增强C
4790,富荣中证500指数A
4791,富荣中证500指数C
4794,富荣福鑫混合A
4795,富荣福鑫混合C
4798,建信智享添鑫定开混合
4801,浦银安盛安久回报定开混合A
4802,浦银安盛安久回报定开混合C
4805,长信消费精选量化股票
4806,长信先机两年定开混合
4809,前海联合润丰混合A
4812,中欧先进制造股票A
4813,中欧先进制造股票C
4814,中欧红利优享混合A
4815,中欧红利优享混合C
4818,国寿安保目标策略混合发起A
4819,国寿安保目标策略混合发起C
4823,上投安裕回报A
4824,上投安裕回报C
4829,北信瑞丰兴瑞灵配
4833,先锋聚利混合A
4834,先锋聚利混合C
4836,中融鑫价值混合A
4837,中融鑫价值混合C
4840,东兴品牌精选混合A
4845,南华瑞盈混合发起A
4846,南华瑞盈混合发起C
4848,中欧睿泓定开混合
4851,广发医疗保健股票A
4852,广发价值回报混合A
4853,广发价值回报混合C
4854,广发中证全指汽车指数A
4855,广发中证全指汽车指数C
4856,广发中证全指建筑材料指数A
4857,广发中证全指建筑材料指数C
4858,长信量化多策略股票C
4868,交银股息优化混合
4870,融通创业板指数C
4871,中银金融地产混合A
4874,融通巨潮100指数C
4875,融通深证成份指数C
4876,融通深证100指数C
4881,中银量化价值混合A
4888,财通资管鑫逸混合A
4889,财通资管鑫逸混合C
4890,中邮健康文娱混合
4891,华润元大成长精选A
4892,华润元大成长精选C
4895,华商鑫安灵活混合
4900,财通资管鑫锐混合A
4901,财通资管鑫锐混合C
4905,华泰柏瑞生物医药混合A
4913,中银证券聚瑞混合A
4914,中银证券聚瑞混合C
4916,嘉实新添丰定期混合
4917,中银证券祥瑞混合A
4918,中银证券祥瑞混合C
4925,长信低碳环保行业量化股票
4926,中航军民融合精选A
4927,中航军民融合精选C
4928,华润元大欣享混合A
4929,华润元大欣享混合C
4930,华润元大价值优选A
4931,华润元大价值优选C
4932,招商丰拓灵活混合A
4933,招商丰拓灵活混合C
4934,圆信永丰消费升级
4936,中航混改精选混合A
4937,中航混改精选混合C
4942,格林伯元灵活配置A
4943,格林伯元灵活配置C
4944,鑫元鑫趋势灵活配置混合A
4945,长信中证500指数增强
4946,汇添富盈润混合A
4947,汇添富盈润混合C
4948,鑫元鑫趋势灵活配置混合C
4951,申万菱信价值优利混合
4958,圆信永丰优享生活
4959,圆信永丰优悦生活混合
4965,泓德致远混合A
4966,泓德致远混合C
4975,交银恒益灵活配置混合
4976,华润元大景泰混合A
4977,华润元大景泰混合C
4982,新华安享多裕定开混合
4986,鹏华策略回报混合
4987,诺德新享灵活配置混合
4988,人保双利A
4989,人保双利C
4995,广发品牌消费股票发起式A
4996,广发恒生中型股指数C
4997,广发高端制造股票A
5000,泰康泉林量化价值精选混合A
5001,交银持续成长主题混合
5004,交银品质升级混合
5005,中金金泽A
5006,中金金泽C
5007,景顺景瑞睿利回报定开混合
5009,申万菱信行业轮动股票
5014,泰康景泰回报混合A
5015,泰康景泰回报混合C
5018,国金民丰回报6个月定开混合
5021,渤海汇金量化汇盈混合
5027,光大多策略优选定开混合
5028,鹏华研究精选灵活配置混合
5029,中银产业精选混合
5035,银华信息科技量化股票发起式A
5036,银华信息科技量化股票发起式C
5037,银华新能源新材料A
5038,银华新能源新材料C
5039,鹏扬景兴混合A
5040,鹏扬景兴混合C
5041,人保研究精选混合A
5042,人保研究精选混合C
5043,国寿安保健康科学混合A
5044,国寿安保健康科学混合C
5049,长安鑫旺价值混合A
5050,长安鑫旺价值混合C
5051,上投标普港股通低波红利指数A
5052,上投标普港股通低波红利指数C
5053,银河量化价值混合
5055,华泰柏瑞量化阿尔法A
5059,南方安福混合A
5062,博时中证500指数增强A
5063,广发中证全指家用电器指数A
5064,广发中证全指家用电器指数C
5067,融通逆向策略灵活配置混合A
5075,富国研究量化精选混合
5076,创金合信优选回报灵活配置混合
5080,海富通量化多因子混合C
5081,海富通量化多因子混合A
5082,诺德量化蓝筹增强混合A
5083,诺德量化蓝筹增强混合C
5088,嘉实新添辉定期混合A
5089,嘉实新添辉定期混合C
5090,嘉合睿金混合发起式A
5091,嘉合睿金混合发起式C
5094,万家臻选混合
5095,国泰量化成长优选混合A
5096,国泰量化成长优选混合C
5102,工银沪深300ETF联接A
5103,工银沪深300ETF联接C
5104,富荣福康混合A
5105,富荣福康混合C
5106,银华农业产业股票发起式
5108,圆信永丰双利优选
5109,汇安多策略混合A
5110,汇安多策略混合C
5111,泰康泉林量化价值精选混合C
5112,银华中证全指医药卫生
5113,平安沪深300指数量化A
5114,平安沪深300指数量化C
5117,金信价值精选混合A
5118,金信价值精选混合C
5119,银华智荟内在价值灵活配置
5120,上投摩根量化多因子混合
5123,南方优享分红混合A
5125,华宝标普中国A股红利机会指数C
5126,银河量化稳进混合
5128,华夏永康添福混合
5136,华安幸福生活混合
5137,长信沪深300指数增强A
5140,华夏睿磐泰荣混合A
5141,华夏睿磐泰荣混合C
5142,中融沪港深大消费主题A
5143,中融沪港深大消费主题C
5146,兴银丰润灵活配置混合
5152,农银沪深300指数C
5156,嘉实领航资产配置混合A
5157,嘉实领航资产配置混合C
5161,华商上游产业股票
5164,富荣福锦混合A
5165,富荣福锦混合C
5166,嘉实润和量化定期混合
5167,嘉实润泽量化定期混合
5168,信达澳银新征程定开混合A
5169,华泰保兴策略精选A
5170,华泰保兴策略精选C
5175,国寿安保消费新蓝海混合
5176,富国精准医疗混合
5177,华夏睿磐泰利混合A
5178,华夏睿磐泰利混合C
5179,信达澳银新起点定期开放混合A
5186,长安鑫兴混合A
5187,长安鑫兴混合C
5188,海富通量化前锋股票C
5189,海富通量化前锋股票A
5197,工银沪港深精选混合A
5198,工银沪港深精选混合C
5206,南方优选成长混合C
5207,南方高端装备灵活配置混合C
5209,东吴双三角A
5210,东吴双三角C
5211,银河智慧混合
5215,南方全天候策略(FOF)A
5216,南方全天候策略(FOF)C
5217,建信福泽安泰混合(FOF)
5218,华夏聚惠(FOF)A
5219,华夏聚惠(FOF)C
5220,海富通聚优精选混合(FOF)
5221,泰达宏利全能混合(FOF)A
5222,泰达宏利全能混合(FOF)C
5223,广发中证基建工程指数A
5224,广发中证基建工程指数C
5225,广发量化多因子混合
5226,山西改革精选灵活配置混合
5228,添富港股通专注成长
5229,嘉实富时中国A50ETF联接C
5231,红塔红土盛通混合型发起式A
5232,红塔红土盛通混合型发起式C
5233,广发睿毅领先混合
5235,银华食品饮料量化股票发起式A
5236,银华食品饮料量化股票发起式C
5237,银华医疗健康量化优选A
5237,银华医疗健康量化优选A
5238,银华医疗健康量化优选C
5241,中欧时代智慧混合A
5242,中欧时代智慧混合C
5244,国泰聚优价值灵活配置混合A
5245,国泰聚优价值灵活配置混合C
5247,国都量化精选混合
5248,新华沪深300指数增强A
5250,银华估值优势混合
5251,银华多元动力灵活配置混合
5252,中海添瑞定开混合
5255,浦银安盛港股通量化混合
5258,景顺长城量化平衡混合
5259,建信龙头企业股票
5260,银华稳健增利灵活配置混合A
5261,银华稳健增利灵活配置混合C
5262,鑫元欣享灵活配置混合A
5263,鑫元欣享灵活配置混合C
5264,国都多策略混合
5265,博时厚泽回报混合A
5266,博时厚泽回报混合C
5267,嘉实价值精选股票
5268,鹏华优势企业
5269,华泰柏瑞港股通量化混合
5270,太平改革红利精选混合
5274,中银景福回报混合
5275,中欧创新成长灵活配置混合A
5276,中欧创新成长灵活配置混合C
5280,安信稳健阿尔法定开混合A
5281,中科沃土转型升级混合
5287,海富通创业板增强C
5288,海富通创业板增强A
5290,诺德新盛灵活配置混合A
5291,华富星玉衡混合A
5292,华富星玉衡混合C
5293,诺德新旺
5294,诺德新宜灵活配置混合
5295,诺德天富灵活配置混合
5296,南华丰淳混合A
5297,南华丰淳混合C
5299,万家成长优选混合A
5300,万家成长优选混合C
5303,嘉实医药健康股票A
5304,嘉实医药健康股票C
5305,长信合利混合A
5306,长信合利混合C
5310,广发电子信息传媒股票A
5311,万家经济新动能混合A
5312,万家经济新动能混合C
5313,万家中证1000指数增强A
5314,万家中证1000指数增强C
5317,万家瑞舜灵活配置混合A
5318,万家瑞舜灵活配置混合C
5323,前海开源泽鑫混合A
5324,前海开源泽鑫混合C
5325,景顺长城泰恒回报混合A
5326,景顺长城泰恒回报混合C
5328,前海开源价值策略股票
5329,添富民安增益定开混合A
5330,添富民安增益定开混合C
5331,益民优势安享混合
5335,浙商全景消费混合
5341,长安裕泰混合A
5342,长安裕泰混合C
5343,长安裕盛灵活配置混合A
5344,长安裕盛灵活配置混合C
5347,诺德量化优选6个月持有期混合
5351,汇添富行业整合混合
5352,鹏扬景泰成长混合A
5353,鹏扬景泰成长混合C
5354,富国沪港深行业精选混合
5357,富国国企改革灵活配置混合
5358,东方阿尔法精选混合A
5359,东方阿尔法精选混合C
5360,汇安资产轮动混合
5368,富国清洁能源产业混合
5371,中加心悦混合A
5372,中加心悦混合C
5373,中加紫金灵活配置混合A
5374,中加紫金灵活配置混合C
5376,北信瑞丰华丰灵配
5379,添富价值创造定开混合
5381,泰康睿利量化多策略混合A
5382,泰康睿利量化多策略混合C
5386,银河睿达灵活配置混合A
5387,银河睿达灵活配置混合C
5390,工银创业板ETF联接A
5391,工银创业板ETF联接C
5392,长信价值蓝筹两年定开A
5395,泓德臻远回报混合
5396,中金丰硕混合
5397,南方安养混合
5399,长信量化价值驱动混合A
5400,万家潜力价值灵活配置混合A
5401,万家潜力价值灵活配置混合C
5402,广发资源优选股票A
5403,南方融尚再融资混合
5404,创金合信价值红利混合C
5405,中金金序量化蓝筹A
5406,中金金序量化蓝筹C
5409,华泰柏瑞新兴产业混合A
5412,金信民长混合A
5413,金信民长混合C
5416,鹏华尊惠定期开放混合A
5417,鹏华尊惠定期开放混合C
5418,申万菱信量化驱动混合
5421,中欧嘉泽灵活配置混合
5429,渤海汇金睿选混合A
5430,渤海汇金睿选混合C
5433,申万菱信医药先锋股票
5434,鹏华睿投混合
5437,易方达易百智能量化策略A
5438,易方达易百智能量化策略C
5443,国金量化多策略混合
5444,光大多策略精选混合
5445,华宝价值发现混合
5447,银华智荟分红收益混合
5449,华夏行业龙头混合
5450,华夏稳盛灵活配置混合
5453,前海开源医疗健康A
5454,前海开源医疗健康C
5457,景顺长城量化小盘股票
5459,银河嘉谊灵活配置混合A
5460,银河嘉谊灵活配置混合C
5463,银华多元收益定开混合A
5464,银华多元收益定开混合C
5472,富国价值驱动灵活配置混合A
5473,富国价值驱动灵活配置混合C
5474,泰康均衡优选混合A
5475,泰康均衡优选混合C
5477,长安鑫禧灵活配置混合A
5478,长安鑫禧灵活配置混合C
5481,银华瑞泰灵活配置混合
5482,博时创新驱动混合A
5483,博时创新驱动混合C
5486,平安量化精选混合A
5487,平安量化精选混合C
5489,中金衡优灵活配置混合A
5490,中金衡优灵活配置混合C
5491,兴全合宜混合(LOF)C
5492,农银汇理研究驱动混合
5493,鑫元价值精选混合A
5494,鑫元价值精选混合C
5495,创金合信科技成长股票A
5496,创金合信科技成长股票C
5498,银华积极成长混合
5502,华泰紫金智能量化股票发起
5504,添富沪港深大盘价值混合
5505,前海开源中药股票A
5506,前海开源中药股票C
5515,银华中小市值量化优选A
5516,银华中小市值量化优选C
5517,富国新趋势灵活配置混合A
5518,富国新趋势灵活配置混合C
5519,银华混改红利灵活配置混合发起式
5520,国投瑞银创新医疗混合
5521,华安红利精选混合
5522,华泰保兴吉年福定开混合
5523,泰康颐年混合A
5524,泰康颐年混合C
5526,工银新生代消费混合
5530,汇添富沪深300指数增强A
5533,银华国企改革混合发起式
5535,泰信竞争优选混合
5537,中航新起航灵活配置混合A
5538,中航新起航灵活配置混合C
5541,前海开源盛鑫混合A
5542,前海开源盛鑫混合C
5543,银华心诚灵活配置混合
5544,银华瑞和灵活配置混合
5545,中银改革红利灵活配置混合
5549,富国成长优选三年定开混合
5550,汇安成长优选混合A
5551,汇安成长优选混合C
5552,国富新趋势混合A
5553,国富新趋势混合C
5554,南方H股联接A
5555,南方H股联接C
5561,创金合信红利低波动A
5562,创金合信红利低波动C
5567,创金合信MSCI中国A股A
5568,创金合信MSCI中国A股C
5569,中融智选红利股票A
5570,中融智选红利股票C
5571,中银证券新能源混合A
5572,中银证券新能源混合C
5576,华泰柏瑞新金融地产混合
5583,易方达港股通红利混合
5585,银河文体娱乐混合
5587,安信比较优势混合
5588,长安裕腾混合A
5589,长信企业精选定开混合
5592,长安裕腾混合C
5593,上投创新商业模式混合
5596,建信战略精选灵活配置混合A
5597,建信战略精选灵活配置混合C
5598,广发中小盘精选混合
5599,汇安量化优选灵活配置A
5600,汇安量化优选灵活配置C
5603,嘉实新添康定期混合A
5604,嘉实新添康定期混合C
5607,华宝中证500增强A
5608,华宝中证500增强C
5609,富国军工主题混合
5612,嘉实核心优势股票发起式
5616,东方量化成长灵活配置混合
5618,融通红利机会主题精选混合A
5619,融通红利机会主题精选混合C
5620,中欧品质消费股票A
5621,中欧品质消费股票C
5628,汇安趋势动力股票A
5629,汇安趋势动力股票C
5630,华安研究精选混合
5632,鹏华量化先锋混合
5633,建信中证500指数增强C
5634,汇安行业龙头混合
5635,博时量化多策略股票A
5636,博时量化多策略股票C
5638,农银汇理量化智慧动力混合
5639,平安300ETF联接A
5640,平安300ETF联接C
5642,鹏扬景升A
5643,鹏扬景升C
5644,广发沪港深龙头混合
5646,中海沪港深多策略灵活配置混合
5650,万家量化同顺混合A
5651,万家量化同顺混合C
5652,国富天颐混合A
5653,国富天颐混合C
5658,华夏沪深300ETF联接C
5659,南方恒指ETF联接C
5660,嘉实资源精选股票A
5661,嘉实资源精选股票C
5662,嘉实金融精选股票A
5663,嘉实金融精选股票C
5664,鹏扬景欣混合A
5665,鹏扬景欣混合C
5668,融通新能源汽车主题精选混合A
5669,前海开源公用事业股票
5671,前海联合研究优选混合A
5672,前海联合研究优选混合C
5674,诺德消费升级混合
5679,财通鑫盛6个月定开
5680,财通资管价值成长混合
5682,财通资管消费精选混合
5683,国寿安保华兴灵活配置混合
5686,财通瑞享12个月定开
5689,中银医疗保健混合A
5691,南方中证100指数C
5693,广发中证军工ETF联接C
5695,华安睿明两年定开混合A
5696,华安睿明两年定开混合C
5701,上投摩根香港精选港股通
5702,恒生前海港股通高股息指数
5706,兴业龙腾双益平衡混合
5707,富国港股通量化精选股票型
5708,国联安远见成长混合
5711,永赢惠添利灵活配置混合
5726,国泰价值精选灵活配置混合
5727,嘉实中创400ETF联接C
5728,华宝绿色主题混合
5729,南方人工智能混合
5730,国泰江源优势精选混合
5732,富国臻选成长灵活配置混合
5733,华夏上证50ETF联接C
5735,MSCI中国A股国际通联接C
5737,博时上证50ETF联接C
5738,长城智能产业灵活配置混合
5739,富国转型机遇混合
5741,南方君信混合A
5742,南方成安优选混合
5743,长安裕隆混合A
5744,长安裕隆混合C
5746,国泰聚利价值定开混合
5747,华安MSCI中国A股联接A
5748,华安MSCI中国A股联接C
5757,长江汇聚量化多因子
5758,中融量化精选(FOF)A
5759,中融量化精选(FOF)C
5760,富国周期优势混合
5761,招商MSCI中国A股国际ETF联接A
5762,招商MSCI中国A股国际ETF联接C
5763,中欧电子信息产业沪港深股票C
5764,中欧潜力价值灵活配置混合C
5765,中欧明睿新常态混合C
5769,南方共享经济混合
5770,信达澳银中证沪港深高股息精选
5774,华夏产业升级混合
5775,中加转型动力混合A
5776,中加转型动力混合C
5777,广发科技动力股票
5787,中欧新趋势混合C
5788,南方MSCI中国A股联接A
5789,南方MSCI中国A股联接C
5794,银华心怡灵活配置混合
5795,博时中证500指数增强C
5796,嘉实新添荣定期混合A
5797,嘉实新添荣定期混合C
5802,添富智能制造股票
5803,广发京津冀ETF联接A
5804,广发京津冀ETF联接C
5805,华泰柏瑞医疗健康混合
5809,前海开源裕源(FOF)
5810,南方瑞祥一年混合A
5811,南方瑞祥一年混合C
5812,鹏华产业精选
5813,华安CES港股通ETF联接A
5814,华安CES港股通ETF联接C
5815,农银汇理睿选灵活配置混合
5819,国泰优势行业混合
5821,万家新机遇龙头企业混合
5823,泰康颐享混合A
5824,泰康颐享混合C
5825,申万菱信智能驱动股票
5826,华夏潜龙精选股票
5827,易方达蓝筹精选混合
5829,建信MSCI联接A
5830,建信MSCI联接C
5832,景顺MSCI中国A股国际通联接
5833,工银红利优享混合A
5834,工银红利优享混合C
5840,富国产业驱动混合
5844,东方人工智能主题混合
5847,富国沪港深业绩驱动混合型
5848,银华裕利混合发起式
5850,财通量化价值优选混合
5851,财通新视野灵活配置混合A
5855,中科沃土沃瑞混合A
5856,中科沃土沃瑞混合C
5865,浦银安盛量化多策略混合A
5866,浦银安盛量化多策略混合C
5867,国泰沪深300指数C
5868,平安MSCI中国A股ETF联接A
5869,平安MSCI中国A股ETF联接C
5870,鹏华沪深300指数增强
5873,建信创业板ETF联接A
5874,建信创业板ETF联接C
5875,易方达中盘成长混合
5876,易方达鑫转增利混合A
5877,易方达鑫转增利混合C
5878,博时产业新动力混合C
5880,建信上证50ETF联接A
5881,建信上证50ETF联接C
5883,华宝港股通香港精选混合
5885,金鹰信息产业股票C
5888,华夏新兴消费混合A
5889,华夏新兴消费混合C
5894,华夏优势精选股票
5901,诺安汇利灵活配置混合A
5902,诺安汇利灵活配置混合C
5903,泰达宏利绩优混合
5904,华泰保兴成长优选A
5905,华泰保兴成长优选C
5906,招商丰茂灵活混合发起式A
5907,招商丰茂灵活混合发起式C
5910,广发龙头优选混合
5911,广发双擎升级混合A
5914,景顺长城智能生活混合
5918,天弘沪深300ETF联接C
5919,天弘中证500ETF联接C
5925,建信福泽裕泰混合(FOF)A
5926,建信福泽裕泰混合(FOF)C
5927,创金合信新能源汽车股票A
5928,创金合信新能源汽车股票C
5933,前海联合先进制造混合A
5934,前海联合先进制造混合C
5935,前海联合润丰混合C
5937,工银精选金融地产混合A
5938,工银精选金融地产混合C
5939,工银新能源汽车混合A
5940,工银新能源汽车混合C
5943,工银聚福混合A
5944,工银聚福混合C
5947,德邦民裕进取量化混合A
5948,德邦民裕进取量化混合C
5949,鑫元行业轮动混合A
5950,鑫元行业轮动混合C
5953,人保转型新动力混合A
5954,人保转型新动力混合C
5955,易方达鑫转添利混合A
5956,易方达鑫转添利混合C
5957,华夏聚丰混合(FOF)A
5958,华夏聚丰混合(FOF)C
5959,财通新视野灵活配置混合C
5960,博时量化价值股票A
5961,博时量化价值股票C
5962,宝盈人工智能股票A
5963,宝盈人工智能股票C
5965,安信中证500指数增强A
5966,安信中证500指数增强C
5967,鹏华创新驱动混合
5968,创金合信工业周期股票A
5969,创金合信工业周期股票C
5970,国泰消费优选股票
5974,东方红配置精选混合A
5975,东方红配置精选混合C
5976,长信稳进资产配置(FOF)
5977,中信保诚至兴混合A
5978,中信保诚至兴混合C
5979,南方合顺多资产(FOF)A
5980,南方合顺多资产(FOF)C
5983,上投摩根核心精选
5984,兴业聚华混合A
5985,兴业聚华混合C
5994,国投中证500指数量化增强A
5997,天弘裕利灵活配置混合C
5998,嘉实深证基本面120联接C
5999,嘉实中证金融地产ETF联接C
6002,工银医药健康股票A
6003,工银医药健康股票C
6005,诺安鼎利混合A
6006,诺安鼎利混合C
6007,诺安积极配置混合A
6008,诺安积极配置混合C
6009,国融融银灵活配置混合A
6010,国融融银灵活配置混合C
6013,易方达鑫转招利混合A
6014,易方达鑫转招利混合C
6020,广发沪深300指数增强A
6021,广发沪深300指数增强C
6022,富国大盘价值量化混合
6025,诺安优化配置混合
6034,富国MSCI中国A股国际通
6038,大成景恒混合C
6039,国富估值优势混合
6042,上投摩根尚睿混合(FOF)
6048,长城中证500指数增强A
6049,恒越研究精选混合A/B
6051,鹏扬核心价值灵活配置A
6052,鹏扬核心价值灵活配置C
6058,民生加银新兴成长混合
6063,景顺长城MSCI中国A股国际通
6072,民生加银创新成长混合
6080,海富通电子传媒股票C
6081,海富通电子传媒股票A
6084,融通研究优选混合
6085,万家新机遇价值驱动C
6087,华泰柏瑞中证500ETF联接C
6098,华宝券商ETF联接A
6100,平安优势产业混合A
6101,平安优势产业混合C
6103,凯石淳行业精选混合A
6104,华泰柏瑞量化智慧混合C
6106,景顺长城量化港股通股票
6109,富荣价值精选混合A
6110,富荣价值精选混合C
6111,泰康弘实3月定开混合
6113,汇添富创新医药混合
6119,银华中证央企结构调整ETF联接
6121,华安双核驱动混合
6122,华安低碳生活混合
6123,中融高股息混合A
6124,中融高股息混合C
6128,银河和美生活混合
6129,华安中证500低波ETF联接A
6130,华安中证500低波ETF联接C
6131,华泰柏瑞沪深300ETF联接C
6132,万家智造优势混合A
6133,万家智造优势混合C
6136,广发估值优势混合
6138,国联安价值优选股票
6143,恒生前海中证质量成长A
6144,恒生前海中证质量成长C
6154,华安制造先锋混合
6157,财通量化核心优选混合
6158,博时荣享回报混合A
6159,博时荣享回报混合C
6160,博道启航混合A
6161,博道启航混合C
6165,建信中证1000指数增强A
6166,建信中证1000指数增强C
6167,德邦乐享生活混合A
6168,德邦乐享生活混合C
6179,富国品质生活混合
6181,格林伯锐灵活配置A
6182,格林伯锐灵活配置C
6190,前海开源裕瑞混合C
6193,鑫元核心资产A
6194,鑫元核心资产C
6195,国金量化多因子
6196,华夏中证央企ETF联接A
6197,华夏中证央企ETF联接C
6198,长盛龙头双核驱动混合
6199,长盛同锦研究精选混合
6201,景顺长城量化先锋混合
6202,交银核心资产混合
6205,汇添富沪港深优势定开
6209,中信保诚新蓝筹混合
6214,平安500ETF联接A
6215,平安500ETF联接C
6216,前海开源价值成长混合A
6217,前海开源价值成长混合C
6218,富国生物医药科技混合
6220,工银上证50ETF联接A
6221,工银上证50ETF联接C
6223,交银创新成长混合
6225,人保量化混合A
6226,人保量化混合C
6227,华宝科技先锋混合A
6228,中欧医疗创新股票A
6229,中欧医疗创新股票C
6230,鹏华研究驱动混合
6231,国融融君混合A
6232,国融融君混合C
6233,万家汽车新趋势混合A
6234,万家汽车新趋势混合C
6235,东方城镇消费主题混合
6240,中融医疗健康混合A
6241,中融医疗健康混合C
6243,中银双息回报混合
6245,嘉实养老2030混合(FOF)
6246,华夏中小板ETF联接A
6247,华夏中小板ETF联接C
6248,华夏创业板ETF联接A
6249,华夏创业板ETF联接C
6250,上投摩根动力精选
6251,银华兴盛股票
6252,永赢消费主题A
6253,永赢消费主题C
6255,中邮中证价值回报量化策略A
6256,中邮中证价值回报量化策略C
6257,信达澳银先进智造股票型
6259,添富红利增长混合A
6260,添富红利增长混合C
6265,红土创新新科技股票
6266,永赢智能领先混合A
6267,诺德量化核心A
6268,诺德量化核心C
6269,永赢智能领先混合C
6270,汇安核心成长混合A
6271,汇安核心成长混合C
6274,圆信永丰医药健康
6277,中金瑞和A
6278,中金瑞和C
6279,中金瑞祥A
6280,中金瑞祥C
6281,万家人工智能混合
6286,华泰MSCI中国A股联接A
6289,华夏养老2040(FOF)
6290,南方养老2035(FOF)A
6291,南方养老2035(FOF)C
6292,易方达汇诚养老2043混合(FOF)
6293,华泰MSCI中国A股联接C
6294,万家稳健养老(FOF)
6295,工银养老2035(FOF)
6296,鹏华养老2035混合(FOF)
6297,富国鑫旺稳健养老(FOF)
6298,广发稳健养老(FOF)
6299,恒越核心精选混合A
6302,银华行业轮动混合
6303,中银养老一年定开(FOF)
6305,银华尊和养老2035混合(FOF)
6306,泰达宏利泰和平衡养老(FOF)
6307,嘉实养老2040混合(FOF)
6314,中融策略优选混合A
6315,中融策略优选混合C
6321,中欧预见养老2035(FOF)A
6322,中欧预见养老2035(FOF)C
6323,合煦智远嘉选混合A
6324,合煦智远嘉选混合C
6336,泓德量化精选混合
6339,银华MSCI中国A股联接A
6341,中金MSCI质量A
6342,中金MSCI质量C
6343,中金MSCI低波动A
6344,中金MSCI低波动C
6345,景顺长城集英两年定开混合
6346,安信量化优选股票A
6347,安信量化优选股票C
6348,银华盛利混合发起式
6349,中金MSCI中国A股价值指数A
6350,中金MSCI中国A股价值指数C
6351,中金MSCI中国A股红利指数A
6352,中金MSCI中国A股红利指数C
6353,东方红核心优选定开混合A
6354,国泰民裕进取灵活配置混合
6355,华宝香港大盘C
6362,凯石涵行业精选混合A
6363,建信深证基本面60ETF联接C
6364,招商丰韵混合A
6365,招商丰韵混合C
6366,兴业安保优选混合
6369,弘毅远方国企转型升级混合
6371,长安鑫盈混合A
6372,长安鑫盈混合C
6377,广发趋势动力混合
6382,华夏中证500ETF联接C
6385,华泰保兴研究智选A
6386,华泰保兴研究智选C
6392,中信保诚创新成长混合
6395,华夏上证50AH优选指数C
6396,长信双利优选混合E
6397,长信内需成长混合E
6398,宝盈祥颐定期开放混合A
6399,宝盈祥颐定期开放混合C
6401,先锋量化优选混合A
6402,先锋量化优选混合C
6408,汇添富消费升级混合
6419,人保优势产业混合A
6420,人保优势产业混合C
6424,嘉合锦程混合A
6425,嘉合锦程混合C
6429,诺安恒鑫混合
6430,凯石澜龙头经济定开混合
6433,平安鑫利混合C
6435,景顺长城创新成长混合
6438,博时央调ETF联接A
6439,博时央调ETF联接C
6440,中信建投中证500增强A
6441,中信建投中证500增强C
6442,东兴品牌精选混合C
6449,浙商汇金量化精选混合
6457,平安估值优势混合A
6458,平安估值优势混合C
6462,信达澳银新起点定期开放混合C
6463,信达澳银新征程定开混合C
6477,中邮沪港深精选混合
6478,长盛多因子策略优选
6486,广发中证1000指数A
6487,广发中证1000指数C
6502,财通集成电路产业股票A
6503,财通集成电路产业股票C
6507,前海开源裕泽(FOF)
6511,博道卓远混合A
6512,博道卓远混合C
6522,财通新兴蓝筹混合A
6523,财通新兴蓝筹混合C
6524,前海开源MSCI中国A股指数A
6525,前海开源MSCI中国A股指数C
6526,鹏华优选回报混合
6527,富国优质发展混合A
6528,富国优质发展混合C
6529,中欧匠心两年持有期混合A
6530,中欧匠心两年持有期混合C
6531,华泰柏瑞量化驱动混合C
6532,华泰柏瑞量化阿尔法C
6533,易方达科融混合
6534,农银汇理永盛定期开放混合
6535,恒生前海恒锦裕利A
6536,恒生前海恒锦裕利C
6537,恒生前海港股通精选混合
6538,东海核心价值
6539,南方优选价值混合C
6540,南方绩优成长混合C
6541,南方成份精选混合C
6547,红塔红土盛弘混合A
6548,红塔红土盛弘混合C
6551,中庚价值领航混合
6556,海富通研究精选混合C
6557,海富通研究精选混合A
6560,华夏四川国改ETF联接A
6561,华夏四川国改ETF联接C
6564,圆信永丰精选回报混合
6567,中泰星元灵活配置混合
6568,国联安行业领先混合
6569,国联安中证医药100C
6573,人保行业轮动混合A
6574,人保行业轮动混合C
6575,华安养老2030三年(FOF)
6578,泰康中证港股通非银指数A
6579,泰康中证港股通非银指数C
6580,兴全安泰养老三年(FOF)
6581,建信优享稳健养老(FOF)
6586,南方安裕混合C
6587,南方优享分红混合C
6590,南方新优享灵活配置混合C
6593,博道中证500增强A
6594,博道中证500增强C
6595,广发港股通优质增长混合
6600,人保沪深300指数
6601,国融融泰灵活配置混合A
6602,国融融泰灵活配置混合C
6603,嘉实互融精选股票
6604,嘉实消费精选股票A
6605,嘉实消费精选股票C
6608,泓德研究优选混合
6610,银华远见混合发起式
6611,人保中证500指数
6614,嘉实港股通新经济指数C
6615,工银战略新兴产业混合A
6616,工银战略新兴产业混合C
6620,华夏养老2045(FOF)A
6621,华夏养老2045(FOF)C
6622,华夏养老2035(FOF)A
6623,华夏养老2035(FOF)C
6624,中泰玉衡价值优选混合
6642,华泰保兴吉年利定开
6644,弘毅远方消费升级混合
6648,汇安多因子混合A
6649,汇安多因子混合C
6652,富国金融地产行业混合
6656,方正富邦中证500ETF联接A
6657,方正富邦中证500ETF联接C
6658,财通中证香港红利等权指数A
6659,财通中证香港红利等权指数C
6671,广发消费升级股票
6675,宝盈品牌消费股票A
6676,宝盈品牌消费股票C
6682,景顺长城中证500增强
6687,方正富邦深证100ETF联接A
6688,方正富邦深证100ETF联接C
6689,方正富邦信泓混合A
6692,金信消费升级股票A
6693,金信消费升级股票C
6696,汇添富3年封闭研究混合
6697,华宝中证银行ETF联接C
6698,红土创新沪深300增强A
6699,红土创新沪深300增强C
6700,红土创新稳健混合A
6701,红土创新稳健混合C
6704,易方达MSCI中国A股联接A
6705,易方达MSCI中国A股联接C
6712,前海开源MSCI中国A股消费A
6713,前海开源MSCI中国A股消费C
6718,国融融盛龙头严选混合A
6719,国融融盛龙头严选混合C
6720,平安核心优势混合A
6721,平安核心优势混合C
6724,工银深证红利ETF联接C
6729,万家中证500指数增强A
6730,万家中证500指数增强C
6733,博时创业板ETF联接C
6736,国投瑞银先进制造混合
6743,中融央视财经50ETF联接A
6744,中融央视财经50ETF联接C
6748,富国中证价值ETF联接A
6749,东兴核心成长混合A
6751,富国互联科技股票
6752,天弘港股通精选A
6753,天弘港股通精选C
6755,东兴核心成长混合C
6756,国泰中证生物医药ETF联接A
6757,国泰中证生物医药ETF联接C
6759,银河乐活优萃混合
6763,汇添富养老2030混合(FOF)
6768,华安沪港深优选混合
6769,长城研究精选混合
6775,前海开源优质成长混合
6780,广发稳健策略混合
6781,汇丰晋信港股通精选股票
6783,红土创新中证500增强A
6784,红土创新中证500增强C
6785,东方量化多策略混合
6786,泰康港股通大消费指数A
6787,泰康港股通大消费指数C
6796,富国消费升级混合
6801,前海联合科技先锋混合A
6802,前海联合科技先锋混合C
6803,嘉实互通精选股票
6809,泰康香港银行指数A
6810,泰康香港银行指数C
6813,博时汇悦回报混合
6814,凯石淳行业精选混合C
6815,凯石涵行业精选混合C
6816,泰康港股通地产指数A
6817,泰康港股通地产指数C
6818,安信盈利驱动股票A
6819,安信盈利驱动股票C
6820,凯石源混合A
6821,凯石源混合C
6822,凯石湛混合A
6823,凯石湛混合C
6836,永赢惠泽一年
6843,中信建投睿溢混合C
6844,中信建投稳利混合C
6845,中信建投聚利混合C
6857,蜂巢卓睿灵活配置混合A
6858,蜂巢卓睿灵活配置混合C
6859,易方达汇诚养老2033(FOF)
6860,易方达汇诚养老2038(FOF)
6861,招商和悦稳健养老(FOF)A
6862,招商和悦稳健养老(FOF)C
6863,国联安智能制造混合
6864,国联安核心资产策略混合
6868,华夏科技成长股票
6872,长信颐天平衡养老(FOF)A
6873,长信颐天平衡养老(FOF)C
6876,国投瑞银稳健养老(FOF)
6877,天治量化核心精选混合A
6878,天治量化核心精选混合C
6879,华安智能生活混合
6880,交银安享稳健养老一年(FOF)
6881,华宝大健康混合
6882,华泰保兴健康消费A
6883,华泰保兴健康消费C
6886,工银养老2050混合(FOF)
6887,诺德新生活混合A
6888,诺德新生活混合C
6890,上投摩根领先优选混合
6891,华夏养老2050五年(FOF)
6894,兴业养老2035(FOF)A
6895,兴业养老2035(FOF)C
6904,泰康产业升级混合A
6905,泰康产业升级混合C
6906,创金合信鑫收益混合E
6909,华夏战略新兴成指ETF联接A
6910,华夏战略新兴成指ETF联接C
6911,长江量化匠心甄选A
6912,长城久泰沪深300指数C
6918,国联安安享稳健养老(FOF)
6921,南方智诚混合
6923,前海开源沪港深非周期股票A
6924,前海开源沪港深非周期股票C
6926,长城量化精选股票
6928,长城创业板指数增强C
6930,泰康港股通TMT指数A
6931,泰康港股通TMT指数C
6937,工银沪深300指数C
6938,鹏华中证500指数(LOF)C
6939,鹏华沪深300指数(LOF)C
6942,华泰柏瑞量化明选A
6943,华泰柏瑞量化明选C
6945,银河臻选多策略混合A
6952,中银景元回报混合
6957,长江量化匠心甄选C
6967,财通行业龙头精选混合A
6968,财通行业龙头精选混合C
6969,圆信永丰高端制造混合
6972,金鹰民安回报定开A
6973,太平睿盈混合A
6976,鹏华核心优势混合
6977,农银汇理海棠三年定开混合
6981,中金新医药股票A
6982,嘉实新添元定期混合A
6983,嘉实新添元定期混合C
6991,民生加银康宁养老(FOF)
6992,嘉合锦创优势精选混合
7005,中金新医药股票C
7012,湘财长顺混合发起式A
7013,湘财长顺混合发起式C
7016,富国睿泽回报混合
7028,易方达中证500ETF联接A
7029,易方达中证500ETF联接C
7039,前海联合沪深300指数C
7040,前海联合泳隆混合C
7041,前海联合泳涛混合C
7042,前海联合泳隽混合C
7043,前海联合泓鑫混合C
7044,博道沪深300指数增强A
7045,博道沪深300指数增强C
7046,方正富邦创新动力混合C
7047,长城核心优势混合
7048,平安安心灵活配置混合C
7049,平安鑫安混合E
7056,银华积极精选混合
7059,汇添富养老2040五年持有混合(FOF)
7060,汇添富养老2050混合(FOF)
7063,长盛研发回报混合
7066,浦银安盛先进制造混合A
7067,浦银安盛先进制造混合C
7070,博时颐泽稳健养老(FOF)A
7071,博时颐泽稳健养老(FOF)C
7072,民生加银鑫福混合C
7074,国寿安保新蓝筹混合
7076,汇添富中证医药ETF联接A
7077,汇添富中证医药ETF联接C
7082,平安高端制造混合A
7083,平安高端制造混合C
7084,天治转型升级混合
7085,招商瑞庆混合C
7089,国投中证500指数量化增强C
7090,海富通养老混合(FOF)
7096,大成沪深300指数C
7101,中欧远见两年定开混合C
7107,太平MSCI香港价值增强A
7108,太平MSCI香港价值增强C
7110,国投瑞银港股通混合
7111,前海联合国民健康混合C
7113,永赢高端制造混合A
7114,永赢高端制造混合C
7119,睿远成长价值混合A
7120,睿远成长价值混合C
7126,博道远航混合A
7127,博道远航混合C
7130,中庚小盘价值股票
7132,长城港股通混合
7133,嘉实长青竞争优势股票A
7134,嘉实长青竞争优势股票C
7135,广发中证100ETF联接A
7136,广发中证100ETF联接C
7137,鹏扬元合量化大盘A
7138,鹏扬元合量化大盘C
7139,富国民裕进取沪港深成长
7141,嘉合稳健增长混合A
7142,嘉合稳健增长混合C
7143,国投瑞银沪深300量化A
7144,国投瑞银沪深300量化C
7146,鹏华研究智选混合
7151,前海开源沪港深聚瑞混合
7152,诺德策略精选
7153,添富中证银行ETF联接A
7154,添富中证银行ETF联接C
7159,南方稳健养老(FOF)A
7160,南方稳健养老(FOF)C
7163,浦银安盛环保新能源A
7164,浦银安盛环保新能源C
7177,浙商智能行业优选混合A
7178,浙商中华预期高股息A
7188,嘉实养老2050混合(FOF)
7191,富国中证价值ETF联接C
7192,恒越研究精选混合C
7193,恒越核心精选混合C
7202,天弘优质成长企业
7203,银河新动能混合
7207,华夏常阳三年定开混合
7216,浙商中华预期高股息C
7217,浙商智能行业优选混合C
7221,上投摩根锦程养老三年(FOF)
7223,工银中证500ETF联接C
7230,兴全沪深300指数(LOF)C
7231,国泰民安养老2040(FOF)
7232,万家平衡养老目标三年(FOF)
7233,金鹰鑫益混合E
7234,博时优势企业(LOF)C
7238,平安养老2035(FOF)A
7239,平安养老2035(FOF)C
7241,中欧预见养老2050五年持有(FOF)A
7242,中欧预见养老2050五年持有(FOF)C
7243,安信核心竞争力混合A
7244,安信核心竞争力混合C
7247,易方达汇智稳健养老混合(FOF)
7249,广发均衡养老三年持有混合(FOF)
7250,广发养老2050混合(FOF)
7251,广发睿享稳健增利混合
7254,广发均衡价值混合
7255,华宝稳健养老(FOF)
7257,凯石沣混合A
7258,凯石沣混合C
7261,融通消费升级混合
7266,嘉实新添益定期混合A
7267,嘉实新添益定期混合C
7271,鹏华养老2045混合(FOF)
7272,景顺稳健养老目标三年混合(FOF)
7273,鹏华长乐稳健养老混合(FOF)
7274,景顺长城养老混合(FOF)
7275,银河沪深300指数增强A
7276,银河沪深300指数增强C
7277,恒生前海消费升级混合
7281,嘉合消费升级混合
7287,合煦智远消费主题股票发起式A
7288,合煦智远消费主题股票发起式C
7291,汇丰晋信港股通双核策略混合
7293,长信利信混合C
7294,长信利信混合E
7297,大成养老2040(FOF)A
7298,大成养老2040(FOF)C
7300,国联安中证半导体ETF联接A
7301,国联安中证半导体ETF联接C
7305,国联安新科技混合
7306,华泰柏瑞基本面智选A
7307,华泰柏瑞基本面智选C
7308,华宝消费升级混合
7310,银华尊尚稳健养老混合(FOF)
7318,中银民丰回报混合
7326,国投瑞银新增长混合C
7339,易方达沪深300ETF联接C
7340,南方科技创新混合A
7341,南方科技创新混合C
7343,嘉实科技创新混合
7345,富国科技创新灵活配置混合
7346,易方达科技创新混合
7349,华夏科技创新混合A
7350,华夏科技创新混合C
7353,工银科技创新3年封闭混合
7355,汇添富科技创新混合A
7356,汇添富科技创新混合C
7368,浙商沪港深精选混合A
7369,浙商沪港深精选混合C
7379,易方达上证50ETF联接基金A
7380,易方达上证50ETF联接基金C
7381,国融融信消费严选混合A
7382,国融融信消费严选混合C
7385,华泰保兴安盈定开混合
7386,浙商中证500指数增强C
7387,融通通慧混合C
7388,上投摩根研究驱动A
7389,上投摩根研究驱动C
7393,上银未来生活灵活配置混合
7397,华宝沪港深中国增强(LOF)C
7401,浦银颐和稳健养老一年(FOF)A
7402,浦银颐和稳健养老一年(FOF)C
7404,华宝沪深300指数增强C
7405,华宝中证100指数C
7407,农银养老2035混合(FOF)
7410,浦银安盛中证高股息ETF联接A
7411,浦银安盛中证高股息ETF联接C
7412,景顺长城绩优成长混合
7413,长城中证500指数增强C
7415,南方致远混合A
7416,南方致远混合C
7421,中金衡盈混合A
7422,中金衡盈混合C
7423,西部利得聚禾混合A
7424,西部利得聚禾混合C
7431,浙商之江凤凰联接
7439,东海科技动力A
7448,长信沪深300指数增强C
7449,兴全多维价值混合A
7450,兴全多维价值混合C
7460,华安成长创新混合
7463,东海科技动力C
7464,交银创业板50指数A
7465,交银创业板50指数C
7466,华泰柏瑞中证低波动ETF联接A
7467,华泰柏瑞中证低波动ETF联接C
7468,中信建投精选混合A
7469,中信建投精选混合C
7470,博道叁佰智航股票A
7471,博道叁佰智航股票C
7472,华夏创蓝筹ETF联接A
7473,华夏创蓝筹ETF联接C
7474,华夏创成长ETF联接A
7475,华夏创成长ETF联接C
7481,华夏逸享健康混合
7484,信达澳银核心科技混合
7490,南方信息创新混合A
7491,南方信息创新混合C
7493,朱雀产业臻选混合A
7494,朱雀产业臻选混合C
7497,中庚价值灵动灵活配置混合
7499,光大风格轮动混合C
7501,万家科创3年封闭混合C
7502,前海开源裕和混合C
7505,华夏AH经济蓝筹股票A
7506,华夏AH经济蓝筹股票C
7509,华商润丰灵活配置混合C
7512,工银沪港深股票C
7514,大成景益平稳收益混合C
7518,东方阿尔法优选混合A
7519,东方阿尔法优选混合C
7523,汇添富内需增长股票A
7524,汇添富内需增长股票C
7527,融通量化多策略混合A
7528,融通量化多策略混合C
7531,华宝券商ETF联接C
7533,格林创新成长混合A
7534,格林创新成长混合C
7538,永赢沪深300A
7539,永赢沪深300C
7541,新华MSCI中国A股国际ETF联接
7548,易方达ESG责任投资股票
7549,中泰开阳价值优选混合
7550,东兴未来价值混合C
7553,中信建投医改混合C
7569,南方安福混合C
7570,方正富邦红利精选混合C
7571,南方上证380ETF联接C
7574,宝盈新价值混合C
7575,宝盈祥泰混合C
7577,宝盈祥瑞混合C
7578,宝盈新锐混合C
7579,宝盈先进制造混合C
7580,宝盈中证100指数增强C
7581,宝盈鸿利收益灵活配置混合C
7586,华泰保兴多策略
7590,华宝绿色领先股票
7592,华夏价值精选混合
7593,鹏扬中证500质量成长指数A
7594,鹏扬中证500质量成长指数C
7605,嘉实沪深300红利低波动ETF联接A
7606,嘉实沪深300红利低波动ETF联接C
7613,嘉合医疗健康混合
7614,德邦民裕进取量化精锐股票A
7615,德邦民裕进取量化精锐股票C
7632,华润元大安鑫灵活配置混合C
7638,前海开源康颐平衡养老三年(FOF)
7639,汇添富3年封闭竞争优势混合
7643,华安稳健养老一年(FOF)
7649,博时颐泽平衡养老(FOF)
7650,工银养老2040(FOF)
7651,工银养老2045三年持有混合(FOF)
7652,华夏稳健养老一年(FOF)
7657,东方红中证竞争力指数A
7658,东方红中证竞争力指数C
7660,招商和悦均衡养老三年(FOF)
7661,南方养老2030三年(FOF)
7662,富国鑫旺均衡养老三年(FOF)
7663,平安安享灵活配置混合C
7664,永赢创业板指数发起式A
7665,永赢创业板指数发起式C
7668,广发养老2035三年持有期混合(FOF)
7669,太平睿盈混合C
7671,建信中证红利潜力指数A
7672,建信中证红利潜力指数C
7673,中加安瑞稳健养老一年(FOF)
7674,工银产业升级股票A
7675,工银产业升级股票C
7678,泰达宏利品牌升级混合A
7679,泰达宏利品牌升级混合C
7685,华商电子行业量化股票
7686,东方价值挖掘灵活配置混合C
7687,东方成长收益灵活配置混合C
7688,泰达养老2040三年持有混合(FOF)A
7689,国投瑞银新能源混合A
7690,国投瑞银新能源混合C
7694,泰达养老2040三年持有混合(FOF)C
7695,泰达养老2040三年持有混合(FOF)E
7705,长城恒康稳健养老一年(FOF)
7713,华富科技动能混合
7718,中银创新医疗混合A
7725,招商瑞文混合A
7726,招商瑞文混合C
7731,民生加银持续成长混合A
7732,民生加银持续成长混合C
7733,南方智锐混合A
7734,南方智锐混合C
7735,金鹰民安回报定开C
7737,诺德研发创新100
7747,海富通平衡养老(FOF)
7748,天弘养老2035三年(FOF)
7749,民生加银鹏程混合C
7750,广发优势增长股票
7751,景顺中证红利成长低波动A
7760,景顺中证红利成长低波动C
7770,同泰开泰混合A
7771,同泰开泰混合C
7775,汇安量化先锋混合A
7776,汇安量化先锋混合C
7777,中邮研究精选混合
7779,银华尊和养老2030混合(FOF)
7780,银华尊和养老2040混合(FOF)
7781,天弘弘新混合发起式
7782,大成MSCI价值100ETF联接A
7783,大成MSCI价值100ETF联接C
7784,广发央企创新驱动ETF联接A
7785,广发央企创新驱动ETF联接C
7786,富国中证国企一带一路ETF联接A
7787,富国中证国企一带一路ETF联接C
7788,易方达中证国企带路发起式联接A
7789,易方达中证国企带路发起式联接C
7792,嘉实央企创新驱动ETF联接A
7793,嘉实央企创新驱动ETF联接C
7794,申万菱信中证500指数优选增强C
7795,申万菱信中证500指数增强C
7796,博时央企创新驱动ETF联接A
7797,博时央企创新驱动ETF联接C
7799,申万菱信中小板指数C
7800,申万菱信沪深300价值指数C
7801,大成中证红利指数C
7802,兴全合泰混合A
7803,兴全合泰混合C
7804,申万菱信沪深300指数增强C
7806,建信MSCI中国A股指数增强A
7807,建信MSCI中国A股指数增强C
7808,北信瑞丰量化优选灵活配置
7809,富国央企创新驱动ETF联接A
7810,富国央企创新驱动ETF联接C
7811,淳厚信泽混合A
7812,淳厚信泽混合C
7815,嘉实新兴科技100ETF联接A
7816,嘉实新兴科技100ETF联接C
7817,国泰中证全指通信设备ETF联接A
7818,国泰中证全指通信设备ETF联接C
7825,博道志远混合A
7826,博道志远混合C
7827,华润元大量化优选混合C
7831,博道伍佰智航股票A
7832,博道伍佰智航股票C
7835,国泰鑫睿混合
7839,汇添富中证长三角ETF联接A
7840,汇添富中证长三角ETF联接C
7842,南华中证杭州湾区ETF联接A
7843,南华中证杭州湾区ETF联接C
7848,广发聚宝混合C
7850,方正富邦天睿混合A
7851,方正富邦天睿混合C
7853,华商计算机行业量化股票
7854,光大景气先锋混合
7856,易方达中证800ETF联接A
7857,易方达中证800ETF联接C
7863,长信利泰灵活配置混合C
7872,金信稳健策略灵活配置混合
7873,华宝科技ETF联接A
7874,华宝科技ETF联接C
7875,国融融兴混合A
7876,国融融兴混合C
7880,朱雀产业智选混合A
7881,朱雀产业智选混合C
7882,易方达沪深300非银联接C
7883,易方达沪深300医药联接C
7884,易方达恒盛3个月定开混合
7885,中融中证500ETF联接A
7886,中融中证500ETF联接C
7887,东方红启元三年持有混合B
7893,平安估值精选混合A
7894,平安估值精选混合C
7895,嘉实价值成长混合
7896,易方达优选多资产三个月持有混合(FOF)A
7897,易方达优选多资产三个月持有混合(FOF)C
7898,富国智诚精选混合(FOF)
7903,长城量化小盘股票
7904,广发锐意进取3个月持有混合(FOF)A
7910,大成有色金属期货ETF联接A
7911,大成有色金属期货ETF联接C
7923,方正富邦天鑫混合A
7924,方正富邦天鑫混合C
7925,平安鑫享混合E
7932,鹏华中证500ETF联接A
7937,华夏饲料豆粕期货ETF联接A
7938,华夏饲料豆粕期货ETF联接C
7939,华夏网购精选混合C
7943,富安达中证500指数增强
7944,永赢乾元三年定开
7945,景顺长城改革机遇灵活配置C
7950,招商量化精选股票C
7952,招商财经大数据股票C
7959,方正富邦天恒混合A
7960,方正富邦天恒混合C
7965,民生加银品质消费股票A
7966,民生加银品质消费股票C
7968,华泰柏瑞研究精选A
7983,申万菱信中证研发创新100ETF联接A
7984,申万菱信中证研发创新100ETF联接C
7992,华夏中证全指证券公司ETF联接A
7993,华夏中证全指证券公司ETF联接C
7994,华夏中证500指数增强A
7995,华夏中证500指数增强C
8001,鹏华中证500ETF联接C
8009,华商高端装备制造股票
8020,华富中证人工智能产业ETF联接A
8021,华富中证人工智能产业ETF联接C
8025,汇添富稳健增长混合A
8026,汇添富稳健增长混合C
8033,中加科盈混合A
8034,中加科盈混合C
8037,兴银先锋成长混合A
8038,兴银先锋成长混合C
8041,长信先利半年定开混合C
8050,同泰慧择混合A
8051,同泰慧择混合C
8052,工银湾创100ETF联接A
8053,工银湾创100ETF联接C
8056,南方上证50增强A
8057,南方上证50增强C
8058,鹏华鑫享稳健混合A
8059,鹏华鑫享稳健混合C
8060,景顺长城价值边际灵活配置混合
8061,惠升惠新混合A
8062,惠升惠新混合C
8063,汇添富大盘核心资产混合
8065,汇添富中盘积极成长混合A
8066,汇添富中盘积极成长混合C
8071,长信利泰灵活配置混合E
8072,景顺长城创业板综指增强
8075,招商核心优选股票A
8076,招商核心优选股票C
8077,九泰天奕量化价值混合A
8078,农银汇理区间精选混合
8079,诺德大类精选(FOF)
8082,国寿安保研究精选混合A
8083,国寿安保研究精选混合C
8084,海富通先进制造股票C
8085,海富通先进制造股票A
8086,华夏中证5G通信主题ETF联接A
8087,华夏中证5G通信主题ETF联接C
8088,华夏中证全指房地产ETF联接A
8089,华夏中证全指房地产ETF联接C
8091,中信保诚红利精选混合A
8092,中信保诚红利精选混合C
8093,同泰慧选混合发起式A
8094,同泰慧选混合发起式C
8099,广发价值领先混合
8100,广发湾创100ETF联接A
8101,广发湾创100ETF联接C
8107,华商医药医疗行业股票
8110,九泰科盈价值混合A
8112,中泰中证500指数增强A
8113,中泰中证500指数增强C
8114,天弘中证红利低波动100A
8115,天弘中证红利低波动100C
8116,银华沪深股通精选混合
8119,鹏华金享混合
8120,万家自主创新混合A
8121,万家自主创新混合C
8124,中邮中证500指数增强C
8127,广发趋势优选灵活配置混合C
8128,湘财长源股票型A
8129,湘财长源股票型C
8131,景顺长城竞争优势混合
8132,鹏华价值驱动混合
8133,华安优质生活混合
8134,鹏华优选价值股票
8135,华宸未来价值先锋
8136,九泰科盈价值混合C
8137,九泰天奕量化价值混合C
8138,富国龙头优势混合
8140,汇添富绝对收益定开混合C
8142,工银瑞信黄金ETF联接A
8143,工银瑞信黄金ETF联接C
8144,工银智远配置三个月混合(FOF)
8145,兴全优选进取三个月持有(FOF)
8150,嘉实远见企业精选两年持有期混合
8158,招商盛鑫优选3个月持有(FOF)A
8159,招商盛鑫优选3个月持有(FOF)C
8162,浦银安盛经济带崛起混合C
8163,南方大盘红利50ETF联接A
8164,南方大盘红利50ETF联接C
8166,工银消费股票A
8167,工银消费股票C
8168,汇添富聚焦成长三个月混合FOF
8174,国泰蓝筹精选混合A
8175,国泰蓝筹精选混合C
8177,建信高股息主题股票
8178,同泰慧盈混合A
8179,同泰慧盈混合C
8180,同泰慧利混合A
8181,同泰慧利混合C
8182,方正富邦信泓混合C
8184,新华沪深300指数增强C
8185,诺安研究优选混合
8186,淳厚信睿混合A
8187,淳厚信睿混合C
8188,前海开源稳健增长三年混合
8189,国泰中证钢铁ETF联接A
8190,国泰中证钢铁ETF联接C
8199,华夏创新100ETF联接A
8200,华夏创新100ETF联接C
8201,银华MSCI中国A股联接C
8208,博道嘉泰回报混合
8209,南方宝泰一年混合A
8210,南方宝泰一年混合C
8212,华夏新机遇混合C
8213,华夏新起点混合C
8221,兴业聚鑫灵活配置混合C
8227,宝盈研究精选混合A
8228,宝盈研究精选混合C
8230,九泰天辰量化新动力
8234,光大消费主题股票
8236,招商深证100ETF联接A
8237,招商深证100ETF联接C
8238,中泰沪深300增强A
8239,中泰沪深300增强C
8240,东财上证50A
8241,东财上证50C
8244,上银鑫卓混合
8245,圆信永丰致优混合A
8246,圆信永丰致优混合C
8249,工银深证100ETF联接A
8250,工银深证100ETF联接C
8251,汇安宜创量化精选混合A
8252,汇安宜创量化精选混合C
8258,中银证券中证500ETF联接A
8259,中银证券中证500ETF联接C
8260,长城价值优选混合
8261,招商研究优选股票A
8262,招商研究优选股票C
8263,东方红品质优选定开混合
8264,南方ESG股票A
8265,南方ESG股票C
8269,大成睿享混合A
8270,大成睿享混合C
8271,大成优势企业混合A
8272,大成优势企业混合C
8273,广发优质生活混合
8274,大成行业先锋混合A
8275,大成行业先锋混合C
8276,财通资管价值发现混合
8277,财通资管行业精选混合
8279,国泰中证煤炭ETF联接A
8280,国泰中证煤炭ETF联接C
8281,国泰CES半导体芯片行业ETF联接A
8282,国泰CES半导体芯片行业ETF联接C
8283,易方达金融行业股票
8286,易方达研究精选股票
8290,华安现代生活混合
8291,民生加银沪深300ETF联接A
8292,民生加银沪深300ETF联接C
8293,农银汇理创新医疗混合
8294,朱雀企业优胜A
8295,朱雀企业优胜C
8297,广发价值优势混合
8298,华夏中证银行ETF联接A
8299,华夏中证银行ETF联接C
8303,宝盈龙头优选股票A
8304,宝盈龙头优选股票C
8305,大摩量化配置混合C
8306,方正富邦天璇混合A
8307,方正富邦天璇混合C
8308,华夏见龙精选混合
8311,圆信永丰优选价值A
8312,圆信永丰优选价值C
8313,光大研究精选混合
8314,上投摩根慧选成长A
8315,上投摩根慧选成长C
8318,博道久航混合A
8319,博道久航混合C
8324,宝盈祥利稳健配置混合A
8325,宝盈祥利稳健配置混合C
8326,东财中证通信A
8327,东财中证通信C
8328,诺安新兴产业混合
8336,宝盈祥裕增强回报混合A
8337,宝盈祥裕增强回报混合C
8342,九泰科鑫策略精选混合A
8343,九泰科鑫策略精选混合C
8347,中信建投甄选混合A
8348,中信建投甄选混合C
8353,泰达宏利消费混合A
8354,泰达宏利消费混合C
8356,中加科丰价值精选混合
8359,华安医疗创新混合
8370,国泰研究精选两年持有混合
8371,华安汇智精选两年持有期混合
8372,富国阿尔法两年持有期混合
8373,华泰柏瑞景气回报A
8374,华泰柏瑞景气回报C
8375,中欧启航三年混合A
8376,中欧启航三年混合C
8378,兴全社会价值三年持有混合
8381,前海开源新兴产业混合
8382,融通产业趋势股票
8384,银华汇益一年持有期混合A
8385,银华汇益一年持有期混合C
8387,银河臻选多策略混合C
8390,国联安沪深300ETF联接A
8391,国联安沪深300ETF联接C
8396,博时中证500ETF联接A
8397,博时中证500ETF联接C
8399,华泰柏瑞中证科技ETF联接A
8400,华泰柏瑞中证科技ETF联接C
8404,华泰紫金泰盈混合A
8405,华泰紫金泰盈混合C
8407,恒生沪深港通细分行业龙头A
8408,恒生沪深港通细分行业龙头C
8410,长盛价值发现股票
8412,长盛竞争优势股票A
8413,长盛竞争优势股票C
8415,国泰大制造两年持有期混合
8416,鹏扬景瑞三年定开混合A
8417,鹏扬景瑞三年定开混合C
8418,惠升惠泽混合A
8419,惠升惠泽混合C
8420,广发招泰混合A
8421,广发招泰混合C
8424,中融品牌优选混合A
8425,中融品牌优选混合C
8437,九泰行业优选混合A
8438,九泰行业优选混合C
8441,九泰科新优享混合A
8442,九泰科新优享混合C
8443,九泰动态策略混合A
8444,九泰动态策略混合C
8445,融通产业趋势先锋股票
8456,招商瑞阳混合A
8457,招商瑞阳混合C
8461,平安盈丰三个月持有混合(FOF)A
8462,平安盈丰三个月持有混合(FOF)C
8467,博道嘉瑞混合A
8468,博道嘉瑞混合C
8477,安信价值驱动三年持有混合
8479,景顺长城泰申回报混合
8480,永赢股息优选A
8481,永赢股息优选C
8488,华商恒益稳健混合
8499,鹏扬景科混合A
8500,鹏扬景科混合C
8507,交银内核驱动混合
8513,南方宝丰混合A
8514,南方宝丰混合C
8515,国富基本面优选混合
8518,弘毅远方经济新动力混合
8519,中金中证沪港深优选消费50指数A
8520,中金中证沪港深优选消费50指数C
8526,华泰柏瑞行业精选A
8527,华泰柏瑞行业精选C
8528,华泰柏瑞质量成长
8531,惠升惠民混合A
8532,惠升惠民混合C
8533,惠升惠兴混合A
8534,惠升惠兴混合C
8537,兴银研究精选股票A
8538,兴银研究精选股票C
8541,西部利得新享混合A
8542,西部利得新享混合C
8543,西部利得新瑞混合A
8544,西部利得新瑞混合C
8545,泓德丰润三年持有期混合
8546,南方产业优势两年混合A
8547,博道安远6个月定开混合
8551,东财医药A
8552,东财医药C
8553,万家养老2035三年持有期混合(FOF)
8555,华商龙头优势混合
8563,银河臻优稳健配置混合A
8564,银河臻优稳健配置混合C
8585,华夏中证人工智能主题ETF联接A
8586,华夏中证人工智能主题ETF联接C
8590,天弘中证全指证券公司A
8591,天弘中证全指证券公司C
8592,天弘沪深300指数增强A
8593,天弘沪深300指数增强C
8602,方正富邦新兴成长混合A
8603,方正富邦新兴成长混合C
8604,广发稳安灵活配置C
8609,广发养老2040(FOF)
8617,国寿稳健养老一年混合(FOF)
8618,永赢医药健康A
8619,永赢医药健康C
8621,天弘永裕稳健养老一年(FOF)
8622,鹏华股息龙头ETF联接A
8623,鹏华股息龙头ETF联接C
8625,国富平衡养老三年混合(FOF)
8629,大成景瑞稳健配置混合A
8630,大成景瑞稳健配置混合C
8631,国泰民泽平衡养老FOF
8633,万家科技创新混合A
8634,万家科技创新混合C
8635,华安科技创新混合
8638,广发科技创新混合
8639,中欧预见养老2025一年持有(FOF)
8640,方正富邦科技创新A
8641,方正富邦科技创新C
8655,招商科技创新混合A
8656,招商科技创新混合C
8657,景顺长城科技创新混合
8664,嘉实鑫和一年持有期混合A
8665,嘉实鑫和一年持有期混合C
8666,国泰鑫利一年持有期混合A
8667,国泰鑫利一年持有期混合C
8671,银华科技创新混合
8672,宝盈祥泽混合A
8673,宝盈祥泽混合C
8681,鹏华价值成长混合
8682,富国中证红利指数增强C
8697,交银养老2035三年(FOF)
8701,华夏黄金ETF联接A
8702,华夏黄金ETF联接C
8704,广发高股息优享混合A
8705,广发高股息优享混合C
8709,银河龙头股票
8712,景顺长城品质成长混合
8713,国泰中证全指家用电器ETF联接A
8714,国泰中证全指家用电器ETF联接C
8716,鹏华优质回报两年定开混合
8723,永赢鑫享混合
8734,交银科锐科技创新混合
8736,南方高股息股票A
8737,南方高股息股票C
8749,富国中证科技50策略ETF联接A
8750,富国中证科技50策略ETF联接C
8753,大成兴享平衡养老三年(FOF)
8754,泰康睿福3月持有混合(FOF)A
8755,泰康睿福3月持有混合(FOF)C
8757,九泰聚鑫混合A
8758,九泰聚鑫混合C
8768,创金上证超大盘量化A
8769,创金上证超大盘量化C
8770,东方红安鑫甄选一年持有混合
8773,中银景泰回报混合
8776,华安沪深300ETF联接A
8777,华安沪深300ETF联接C
8778,嘉实中证500指数增强A
8779,嘉实中证500指数增强C
8786,长城健康生活灵活配置混合
8793,博道嘉元混合A
8794,博道嘉元混合C
8795,海富通阿尔法对冲混合C
8809,安信民稳增长混合A
8810,安信民稳增长混合C
8811,鹏华科技创新混合
8819,农银汇理策略趋势混合
8827,建信易盛郑商所能源化工期货ETF联接A
8828,建信易盛郑商所能源化工期货ETF联接C
8830,海富通安益对冲混合C
8831,海富通安益对冲混合A
8832,海富通中证长三角领先ETF联接
8833,银华汇盈一年持有期混合A
8834,银华汇盈一年持有期混合C
8835,富国量化三个月持有期混合A
8836,富国量化三个月持有期混合C
8837,融通通益混合
8838,德邦量化对冲混合A
8839,德邦量化对冲混合C
8840,德邦大消费混合A
8841,德邦大消费混合C
8842,同泰远见混合A
8843,同泰远见混合C
8846,大成民稳增长混合A
8847,大成民稳增长混合C
8848,中融智选对冲3个月定开混合
8850,景顺长城价值稳进定开混合
8851,景顺长城量化对冲策略三个月定开
8854,南方内需增长两年股票A
8855,南方内需增长两年股票C
8856,华夏安泰对冲策略3个月定开混合
8860,民生加银龙头优选股票
8861,西部利得港股通新机遇混合A
8866,博时产业新趋势混合A
8867,博时产业新趋势混合C
8869,大成恒享混合A
8870,大成恒享混合C
8871,大成睿裕六月持有股票A
8872,大成睿裕六月持有股票C
8878,国联安新蓝筹红利一年定开混合
8884,博远博锐混合A
8885,博远博锐混合C
8886,民生卓越配置6个月混合(FOF)
8887,华夏国证半导体芯片ETF联接A
8888,华夏国证半导体芯片ETF联接C
8889,银华中证5G通信主题ETF联接
8890,中邮价值优选定开混合
8891,安信价值成长混合A
8892,安信价值成长混合C
8893,创金合信鑫利混合A
8894,创金合信鑫利混合C
8895,申万菱信量化对冲策略混合
8898,国寿创精选88ETF联接A
8899,国寿创精选88ETF联接C
8901,富国内需增长混合
8903,广发科技先锋混合
8905,嘉合锦鹏添利混合A
8906,嘉合锦鹏添利混合C
8907,添富中证国企一带一路ETF联接A
8908,添富中证国企一带一路ETF联接C
8909,创金合信鑫益混合A
8910,创金合信鑫益混合C
8916,华夏中证浙江国资创新发展ETF联接A
8917,华夏中证浙江国资创新发展ETF联接C
8918,长信先锐混合C
8919,永赢科技驱动A
8920,永赢科技驱动C
8926,泰康沪深300ETF联接A
8927,泰康沪深300ETF联接C
8928,泰达消费红利指数A
8929,泰达消费红利指数C
8930,中加安瑞平衡养老三年(FOF)
8934,大成科技消费股票A
8935,大成科技消费股票C
8944,上投摩根MSCI中国A股ETF联接A
8945,上投摩根MSCI中国A股ETF联接C
8949,平安匠心优选混合A
8950,平安匠心优选混合C
8954,安信价值回报三年持有混合
8955,交银创新领航混合
8958,嘉实回报精选股票
8960,长信国防军工量化混合C
8961,华商科技创新混合
8962,建信科技创新混合A
8963,建信科技创新混合C
8966,博时成长优选两年封闭混合A
8967,博时成长优选两年封闭混合C
8969,睿远均衡价值三年持有混合A
8970,睿远均衡价值三年持有混合C
8973,大成中华沪深港300指数(LOF)C
8975,富国中证消费50ETF联接A
8976,富国中证消费50ETF联接C
8978,银华长丰混合发起式
8979,万家民丰回报一年持有混合
8980,中邮科技创新精选混合A
8981,中邮科技创新精选混合C
8983,财通科技创新混合A
8984,财通科技创新混合C
8985,东方红启东三年持有混合
8986,广发上海金ETF联接A
8987,广发上海金ETF联接C
8988,大成科技创新混合A
8989,大成科技创新混合C
8990,东方红匠心甄选一年持有混合
8991,申万菱信安鑫慧选混合A
8992,申万菱信安鑫慧选混合C
8997,同泰竞争优势混合A
8998,同泰竞争优势混合C
9003,中银安康平衡养老三年(FOF)
9004,海富通中证500增强C
9005,创金合信鑫祺混合A
9006,创金合信鑫祺混合C
9007,兴全沪港深两年持有混合
9008,平安科技创新混合A
9009,平安科技创新混合C
9010,华夏兴阳一年持有混合
9011,华夏睿阳一年持有混合
9012,平安创业板ETF联接A
9013,平安创业板ETF联接C
9014,泓德睿泽混合
9015,泓德睿享一年持有期混合A
9016,泓德睿享一年持有期混合C
9017,银华港股通精选股票发起式
9020,中欧睿尚定期开放混合C
9023,鹏华稳健回报混合
9024,海富通科技创新混合C
9025,海富通科技创新混合A
9026,中银高质量发展机遇混合
9027,浦银安盛安远回报一年混合A
9028,浦银安盛安远回报一年混合C
9029,工银高质量成长混合A
9030,工银高质量成长混合C
9031,工银聚和一年定开混合A
9032,工银聚和一年定开混合C
9033,建信上海金ETF联接A
9034,建信上海金ETF联接C
9039,九泰久远量化驱动A
9040,九泰久远量化驱动C
9043,九泰久信量化股票
9046,东财创业板A
9047,东财创业板C
9048,浦银安盛科创三年封闭混合
9049,易方达高端制造混合
9051,易方达中证红利ETF联接A
9052,易方达中证红利ETF联接C
9054,圆信永丰沣泰混合
9055,圆信永丰大湾区A
9056,圆信永丰大湾区C
9057,博时科技创新混合A
9058,博时科技创新混合C
9059,南方沪深300增强A
9060,南方沪深300增强C
9062,财通智慧成长混合A
9063,财通智慧成长混合C
9064,鹏扬景沃六个月持有期混合A
9065,鹏扬景沃六个月持有期混合C
9067,国泰中证新能源汽车ETF联接A
9068,国泰中证新能源汽车ETF联接C
9069,大成睿鑫股票A
9070,大成睿鑫股票C
9071,德邦安鑫混合A
9072,德邦安鑫混合C
9073,德邦惠利混合A
9074,德邦惠利混合C
9076,工银圆兴混合
9077,红土创新稳进混合A
9078,红土创新稳进混合C
9079,南方粤港澳大湾区ETF联接A
9080,南方粤港澳大湾区ETF联接C
9085,银华丰享一年持有期混合
9086,鹏华价值共赢两年持有期混合
9092,富国新材料新能源混合
9096,鹏华安泽混合A
9097,鹏华安泽混合C
9098,景顺长城价值领航混合
9100,安信稳健增利混合A
9101,安信稳健增利混合C
9102,鹏扬红利优选混合A
9103,鹏扬红利优选混合C
9106,嘉合同顺智选股票A
9107,嘉合同顺智选股票C
9111,博远双债增利混合A
9112,博远双债增利混合C
9113,浙商汇金卓越优选3个月(FOF)
9114,鹏扬景泓回报灵活配置混合A
9115,鹏扬景泓回报灵活配置混合C
9116,东兴中证消费50A
9117,东兴中证消费50C
9119,广发品质回报混合A
9120,广发品质回报混合C
9121,广发招享混合
9124,华泰保兴科荣混合A
9125,华泰保兴科荣混合C
9126,嘉实基础产业优选股票A
9127,嘉实基础产业优选股票C
9128,明亚价值长青混合A
9129,明亚价值长青混合C
9130,鹏扬景恒六个月持有混合A
9131,鹏扬景恒六个月持有混合C
9132,广发小盘成长混合(LOF)C
9133,汇安嘉利一年封闭混合A
9134,汇安嘉利一年封闭混合C
9135,广发恒隆一年持有混合A
9136,广发恒隆一年持有混合C
9137,嘉实瑞和两年持有期混合
9138,嘉实瑞成两年持有期混合A
9139,嘉实瑞成两年持有期混合C
9140,永赢竞争力精选混合
9141,泰达价值长青混合A
9142,泰达价值长青混合C
9143,上投摩根养老一年混合(FOF)
9144,博时荣升稳健添利混合A
9145,博时荣升稳健添利混合C
9146,新华精选成长3个月混合(FOF)
9147,建信新能源行业股票
9149,富国绝对收益多策略混合C
9151,国寿策略优选3个月持有混合(FOF)
9152,南方瑞盛三年混合A
9153,南方瑞盛三年混合C
9154,海富通富盈混合A
9155,海富通富盈混合C
9156,海富通富泽混合A
9157,海富通富泽混合C
9159,前海联合智选3个月持有混合(FOF)A
9160,前海联合智选3个月持有混合(FOF)C
9161,上投锦程养老五年混合(FOF)
9162,富国医药成长30股票
9163,广发医疗保健股票C
9164,中加聚庆六个月定开混合A
9165,中加聚庆六个月定开混合C
9169,湘财长兴灵活配置混合A
9170,湘财长兴灵活配置混合C
9174,东方红颐和稳健养老两年(FOF)
9179,嘉实中证主要消费ETF联接A
9180,嘉实中证主要消费ETF联接C
9181,浙商智多兴稳健回报一年持有混合A
9182,浙商智多兴稳健回报一年持有混合C
9183,东方红颐和平衡养老三年(FOF)
9184,东方红颐和积极养老五年(FOF)
9185,农银汇理永乐3月持有(FOF)
9186,天弘聚新三个月定开A
9187,天弘聚新三个月定开C
9188,鹏华股息精选混合
9189,华宝成长策略混合
9190,景顺长城核心优选混合
9194,泰达宏利中证绩优指数基金A
9195,泰达宏利中证绩优指数基金C
9198,前海开源黄金ETF联接
9199,万家价值优势一年持有期混合
9200,华安金享混合
9201,中邮优享一年定开混合A
9202,中邮优享一年定开混合C
9205,兴银丰运稳益回报混合A
9206,兴银丰运稳益回报混合C
9208,建信沪深300指数增强(LOF)C
9209,长信稳利一年持有期混合(FOF)
9210,中欧嘉和三年混合A
9211,中欧嘉和三年混合C
9213,易方达如意安泰(FOF)A
9214,易方达如意安泰(FOF)C
9215,易方达瑞川混合A
9216,易方达瑞川混合C
9217,博时荣丰回报三年封闭混合A
9218,博时荣丰回报三年封闭混合C
9223,宝盈现代服务业混合A
9224,宝盈现代服务业混合C
9230,鹏华安和混合A
9231,鹏华安和混合C
9232,鹏华安惠混合A
9233,鹏华安惠混合C
9234,鹏华优质企业混合
9239,融通人工智能指数(LOF)C
9240,泰康蓝筹优势一年持有股票
9241,融通领先成长混合(LOF)C
9242,中加核心智造混合A
9243,中加核心智造混合C
9244,国寿安保稳丰6个月持有混合A
9245,国寿安保稳丰6个月持有混合C
9246,大摩ESG量化混合
9247,易方达磐恒九个月持有混合A
9248,易方达磐恒九个月持有混合C
9249,易方达磐泰一年持有期混合A
9250,易方达磐泰一年持有期混合C
9258,西部利得景瑞灵活配置混合C
9260,民生加银聚利6个月混合A
9261,民生加银聚利6个月混合C
9263,华宝红利精选混合A
9264,泓德瑞兴三年持有期混合
9265,易方达消费精选股票
9266,鹏扬景合六个月持有混合
9268,创金合信稳健增利6个月持有期A
9269,创金合信稳健增利6个月持有期C
9270,融通逆向策略灵活配置混合C
9273,融通中国风1号灵活配置混合C
9274,融通健康产业灵活配置混合C
9275,融通医疗保健行业混合C
9277,融通行业景气混合C
9285,泰康招泰尊享一年持有期混合A
9286,泰康招泰尊享一年持有期混合C
9296,南方誉慧一年混合A
9297,南方誉慧一年混合C
9300,西部利得中证500指数增强C
9308,天弘安康颐养混合C
9312,前海联合价值优选混合A
9313,前海联合价值优选混合C
9314,广发双擎升级混合C
9317,金信核心竞争力混合
9318,南方成长先锋混合A
9319,南方成长先锋混合C
9326,广发稳健增长混合C
9327,东兴兴晟混合A
9328,东兴兴晟混合C
9329,华宝中证消费龙头指数(LOF)C
9330,鹏华成长价值混合A
9331,鹏华成长价值混合C
9332,博时恒裕持有期混合A
9333,博时恒裕持有期混合C
9334,富国融享18个月定开混合
9335,工银稳健养老目标一年持有混合发起(FOF)
9336,平安中证500指数增强A
9337,平安中证500指数增强C
9340,工银养老2055混合(FOF)
9341,易方达均衡成长股票
9342,易方达优质企业三年持有期混合
9345,中银顺兴回报一年持有混合A
9346,中银顺兴回报一年持有混合C
9347,中融价值成长6个月持有混合A
9348,中融价值成长6个月持有混合C
9351,南方誉丰18个月混合A
9352,南方誉丰18个月混合C
9353,浙商科创一个月滚动持有混合A
9354,浙商科创一个月滚动持有混合C
9355,泰达泰和稳健养老一年(FOF)
9360,招商创新增长混合A
9361,招商创新增长混合C
9362,招商丰盈积极配置混合A
9363,招商丰盈积极配置混合C
9364,工银科技创新6个月定开混合A
9365,工银科技创新6个月定开混合C
9368,浦银安盛价值精选混合A
9369,浦银安盛价值精选混合C
9370,浦银安盛睿和优选3个月持有混合(FOF)A
9371,浦银安盛睿和优选3个月持有混合(FOF)C
9374,浦银安盛MSCI中国A股ETF联接A
9375,浦银安盛MSCI中国A股ETF联接C
9376,景顺长城成长领航混合
9377,招商瑞恒一年持有期混合A
9378,招商瑞恒一年持有期混合C
9380,富安达科技领航混合
9381,汇安核心资产混合A
9382,汇安核心资产混合C
9383,人保稳进配置三个月持有(FOF)
9384,大摩MSCI中国A股增强
9385,天弘永裕平衡养老三年持有(FOF)
9387,嘉实稳福混合A
9388,嘉实稳福混合C
9391,汇添富优质成长混合A
9392,汇添富优质成长混合C
9394,银华同力精选混合
9395,鑫元安鑫回报混合
9398,华富成长企业精选股票
9400,华安添瑞6个月混合A
9401,华安添瑞6个月混合C
9402,交银启明混合
9411,中银科技创新一年定开混合
9412,易方达招易一年持有期混合A
9413,易方达招易一年持有期混合C
9414,中银大健康股票A
9415,中邮瑞享两年定开混合A
9416,中邮瑞享两年定开混合C
9419,宝盈祥明一年定开混合A
9420,宝盈祥明一年定开混合C
9423,招商瑞信稳健配置混合A
9424,招商瑞信稳健配置混合C
9426,鹏扬景惠六个月持有期混合A
9427,鹏扬景惠六个月持有期混合C
9428,鹏扬景沣六个月持有期混合A
9429,鹏扬景沣六个月持有期混合C
9432,德邦科技创新一年定开混合A
9433,德邦科技创新一年定开混合C
9436,长城恒泰养老2040三年持有混合(FOF)
9437,信达澳银科创一年定开混合A
9438,信达澳银科创一年定开混合C
9439,西部利得国企红利(LOF)C
9440,光大裕鑫混合A
9441,光大裕鑫混合C
9442,中银养老2040三年持有期混合(FOF)
9447,财通科技创新一年定开混合
9448,泰康申润一年持有期混合A
9449,泰康申润一年持有期混合C
9454,创金合信汇融一年定开混合A
9455,创金合信汇融一年定开混合C
9460,安信禧悦稳健养老一年持有混合(FOF)
9468,博时健康成长双周定期可赎回混合A
9469,博时健康成长双周定期可赎回混合C
9470,东方欣利混合A
9471,东方欣利混合C
9472,广发深证100指数(LOF)C
9474,国泰致远优势混合
9475,汇丰晋信慧盈混合
9476,建信食品饮料行业股票
9477,中银上海金ETF联接A
9478,中银上海金ETF联接C
9479,中银中证100ETF联接A
9480,中银中证100ETF联接C
9481,国泰宏益一年持有期混合A
9482,国泰宏益一年持有期混合C
9486,光大瑞和混合A
9487,光大瑞和混合C
9488,中邮价值精选混合A
9489,中邮价值精选混合C
9490,泰康科技创新一年定开混合
9491,宝盈创新驱动股票A
9492,宝盈创新驱动股票C
9493,大成尊享18月定开混合A
9494,大成尊享18月定开混合C
9499,景顺长城安鑫回报混合A
9500,国寿安保高股息混合A
9501,国寿安保高股息混合C
9504,富国上海金ETF联接A
9505,富国上海金ETF联接C
9507,国金鑫意医药消费A
9508,国金鑫意医药消费C
9511,信达澳银研究优选混合
9513,创金同顺创业板精选股票A
9514,创金同顺创业板精选股票C
9515,中欧真益稳健一年混合A
9516,中欧真益稳健一年混合C
9525,广发聚荣一年持有混合A
9526,广发聚荣一年持有混合C
9527,浙商汇金新兴消费混合
9531,九泰锐和18个月定开混合
9536,汇添富稳健增益一年持有混合
9537,太平行业优选股票A
9538,太平行业优选股票C
9539,兴业睿进混合A
9540,兴业睿进混合C
9542,银华富利精选混合
9545,博时鑫荣稳健混合A
9546,博时鑫荣稳健混合C
9547,华安鼎利混合
9548,汇添富中盘价值精选混合A
9549,汇添富中盘价值精选混合C
9550,汇添富开放优势6个月持有期股票A
9551,汇添富开放优势6个月持有期股票C
9556,兴全合丰三年持有混合
9557,申万菱信创业板量化精选股票A
9558,嘉实稳惠6个月持有期混合A
9559,嘉实稳惠6个月持有期混合C
9564,汇安消费龙头混合A
9565,汇安消费龙头混合C
9568,浙商智多宝稳健一年持有期A
9569,浙商智多宝稳健一年持有期C
9570,鹏华匠心精选混合A
9571,鹏华匠心精选混合C
9572,南方养老2040三年持有混合(FOF)
9573,南方养老2045三年持有混合(FOF)
9574,德邦安益6个月持有期混合A
9575,德邦安益6个月持有期混合C
9576,东方红智远三年持有混合
9590,东方盛世灵活配置混合C
9591,博时研究精选持有期混合A
9592,博时研究精选持有期混合C
9595,山西证券裕盛一年定开混合
9596,泰康创新成长混合A
9597,泰康创新成长混合C
9598,景顺长城科创三年定开混合
9601,招商科技动力3个月股票A
9602,招商科技动力3个月股票C
9606,长信稳健精选混合A
9607,长信稳健精选混合C
9608,广发中证500指数增强A
9609,广发中证500指数增强C
9611,兴全汇享一年持有混合A
9612,兴全汇享一年持有混合C
9613,上银中证500指数增强型A
9614,上银中证500指数增强型C
9618,交银启汇混合
9619,博时女性消费主题混合A
9620,博时女性消费主题混合C
9621,中欧心益稳健6个月混合A
9622,中欧心益稳健6个月混合C
9623,长城创新驱动混合
9624,安信稳健阿尔法定开混合C
9634,鹏华安睿两年持有期混合A
9635,鹏华安睿两年持有期混合C
9636,华泰柏瑞景气优选
9640,中银证券优选行业龙头混合A
9641,中银证券优选行业龙头混合C
9644,东方阿尔法优势产业混合A
9645,东方阿尔法优势产业混合C
9646,南方核心成长混合A
9647,南方核心成长混合C
9648,中欧睿达定期开放混合C
9649,嘉实精选平衡混合A
9650,嘉实精选平衡混合C
9651,海富通成长甄选混合A
9652,海富通成长甄选混合C
9653,大成丰享回报混合A
9654,大成丰享回报混合C
9658,汇丰晋信中小盘低波动策略股票A
9659,民生加银新动能一年定开混合A
9660,民生加银新动能一年定开混合C
9661,平安研究睿选混合A
9662,平安研究睿选混合C
9663,华泰紫金科创3年封闭混合A
9664,汇添富医疗积极成长一年持有混合A
9665,汇添富医疗积极成长一年持有混合C
9667,鹏华安庆混合A
9668,鹏华安庆混合C
9669,长信量化价值驱动混合C
9671,平安恒泽混合A
9672,平安恒泽混合C
9681,南方创新精选一年定开混合A
9682,南方创新精选一年定开混合C
9683,汇添富创新增长一年定开混合A
9684,汇添富创新增长一年定开混合C
9686,华夏磐利一年定开混合A
9687,华夏磐利一年定开混合C
9688,万家鑫动力月月购一年滚动混合
9689,易方达瑞锦混合A
9690,易方达瑞锦混合C
9691,国泰浩益18个月封闭运作混合A
9692,国泰浩益18个月封闭运作混合C
9693,富国积极成长一年定开混合
9694,华安安利混合
9695,招商成长精选一年定开混合A
9696,招商成长精选一年定开混合C
9697,华夏成长精选6个月定开混合A
9698,华夏成长精选6个月定开混合C
9700,长江添利混合A
9701,长江添利混合C
9704,南方景气驱动混合A
9705,南方景气驱动混合C
9706,民生加银城镇化混合C
9707,工银新兴制造混合A
9708,工银新兴制造混合C
9709,民生加银策略精选混合C
9710,诺德新盛灵活配置混合C
9714,华安聚优精选混合
9715,汇添富策略增长两年封闭混合
9716,博时恒盛持有期混合A
9717,博时恒盛持有期混合C
9718,招商增浩一年定期开放混合A
9719,招商增浩一年定期开放混合C
9720,民生加银景气行业混合C
9725,东方红优质甄选一年持有混合
9733,创金合信港股通大消费精选股票A
9734,创金合信港股通大消费精选股票C
9736,汇添富稳健收益混合A
9737,汇添富稳健收益混合C
9740,博时研究臻选持有期混合A
9741,博时研究臻选持有期混合C
9747,中科沃土沃鑫成长精选混合C
9750,汇安价值蓝筹混合A
9751,汇安价值蓝筹混合C
9753,中欧美益稳健两年混合A
9754,中欧美益稳健两年混合C
9755,景顺长城安鑫回报混合C
9762,国金国鑫发起C
9766,安信平稳双利3个月持有混合A
9767,安信平稳双利3个月持有混合C
9768,创金合信汇悦一年定开混合A
9769,创金合信汇悦一年定开混合C
9774,财通资管优选回报一年持有期混合
9775,汇丰晋信中小盘低波动策略股票C
9776,中欧阿尔法混合A
9777,中欧阿尔法混合C
9778,长信消费升级混合A
9779,长信消费升级混合C
9781,南方产业优势两年混合C
9782,富国兴泉回报12个月持有期混合A
9783,富国兴泉回报12个月持有期混合C
9787,鹏华聚合多资产3个月持有期混合(FOF)
9789,富安达科技创新混合
9791,中欧创业板两年定开混合C
9794,太平智选一年定开股票
9795,嘉实远见精选两年持有期混合
9796,大成汇享一年持有混合A
9797,大成汇享一年持有混合C
9798,大成创业板两年定开混合C
9800,长盛制造精选混合A
9801,长盛制造精选混合C
9804,国泰研究优势混合
9805,国泰医药健康股票
9806,东方红招盈甄选一年混合A
9807,东方红招盈甄选一年混合C
9808,易方达创新成长混合
9812,易方达悦兴一年持有期混合A
9813,易方达悦兴一年持有期混合C
9817,红塔红土稳健精选混合A
9818,红塔红土稳健精选混合C
9820,嘉实浦惠6个月持有期混合A
9821,嘉实浦惠6个月持有期混合C
9822,鹏华招华一年持有期混合A
9823,鹏华招华一年持有期混合C
9828,融通转型三动力灵活配置混合C
9829,长城优选增强六个月持有混合A
9830,长城优选增强六个月持有混合C
9835,融通新能源汽车主题精选混合C
9840,东财量化精选混合A
9841,东财量化精选混合C
9842,东方红明鉴优选两年定开混合
9843,中金泰顺12个月定开混合
9846,国富港股通远见价值混合
9847,圆信永丰研究精选混合A
9848,圆信永丰研究精选混合C
9849,安信稳健聚申一年持有期混合
9850,长盛盛杰混合A
9852,银华品质消费股票
9853,中加优势企业混合A
9854,中加优势企业混合C
9855,中加新兴成长混合A
9856,中加新兴成长混合C
9857,博时价值臻选持有期混合A
9858,博时价值臻选持有期混合C
9860,易方达中证银行指数(LOF)C
9861,鹏华新兴成长混合A
9862,鹏华新兴成长混合C
9863,富国创新趋势股票
9864,招商景气优选股票A
9865,招商景气优选股票C
9867,工银创新精选一年定开混合A
9868,工银创新精选一年定开混合C
9869,嘉实产业先锋混合A
9870,嘉实产业先锋混合C
9872,中欧责任投资混合A
9873,中欧责任投资混合C
9874,九泰久睿量化股票
9875,天弘甄选食品饮料股票A
9876,天弘甄选食品饮料股票C
9877,中银内核驱动股票
9878,平安低碳经济混合A
9879,平安低碳经济混合C
9880,安信成长动力一年持有混合
9881,广发中证医疗指数(LOF)C
9882,华润元大核心动力混合A
9883,华润元大核心动力混合C
9884,民生加银康宁平衡养老目标三年持有混合(FOF)
9885,新华景气行业混合A
9886,新华景气行业混合C
9887,广发稳健优选六个月持有期混合A
9888,广发稳健优选六个月持有期混合C
9891,融通产业趋势臻选股票
9892,富国成长策略混合
9893,大摩优悦安和混合
9896,广发港股通成长精选股票A
9897,广发港股通成长精选股票C
9898,民生加银医药健康股票
9899,上银内需增长股票
9900,易方达磐固六个月持有期混合A
9901,易方达磐固六个月持有期混合C
9902,易方达悦享一年持有混合A
9903,易方达悦享一年持有混合C
9907,湘财长泽灵活配置混合A
9908,湘财长泽灵活配置混合C
9909,嘉实动力先锋混合A
9910,嘉实动力先锋混合C
9911,长信价值蓝筹两年定开C
9912,九泰天富改革混合C
9913,中信保诚成长动力
9914,富国成长动力混合
9918,上银核心成长混合A
9919,上银核心成长混合C
9929,南方创新驱动混合A
9930,南方创新驱动混合C
9931,淳厚欣享一年持有期混合A
9932,永赢稳健增长一年持有混合
9937,东方欣益一年持有期混合A
9938,东方欣益一年持有期混合C
9939,淳厚欣享一年持有期混合C
9940,格林稳健价值混合A
9941,格林稳健价值混合C
9950,财通资管均衡价值一年持有期混合
9951,广发稳健回报混合A
9952,广发稳健回报混合C
9954,北信瑞丰优选成长
9955,广发鑫裕混合C
9956,广发恒誉混合A
9957,广发恒誉混合C
9958,长安鑫悦消费混合A
9959,长安鑫悦消费混合C
9960,银华多元机遇混合
9967,博时荣泰混合
9968,金鹰内需成长混合A
9969,金鹰内需成长混合C
9970,财通内需增长12个月定开混合
9971,创金合信核心价值混合A
9972,创金合信核心价值混合C
9973,创金合信核心资产混合A
9974,创金合信核心资产混合C
9983,永赢港股通品质生活慧选混合
9984,鹏华启航两年封闭运作混合
9986,天弘创新领航A
9987,天弘创新领航C
9988,信达澳银蓝筹精选股票
9989,华宝研究精选混合
9990,华泰柏瑞品质优选A
9991,华泰柏瑞品质优选C
9992,景顺长城量化成长演化混合
9993,嘉实前沿创新混合
9994,嘉实创新先锋混合A
9995,嘉实创新先锋混合C
9998,上投摩根慧见两年持有期
9999,东方中国红利混合
10000,长城中国智造灵活配置混合C
10001,创金合信研究精选股票A
10002,创金合信研究精选股票C
10003,景顺长城电子信息产业股票A
10004,景顺长城电子信息产业股票C
10006,南方誉鼎一年持有期混合A
10007,南方誉鼎一年持有期混合C
10008,中融成长优选混合A
10009,中融成长优选混合C
10010,国投瑞银港股通6个月定开股票
10013,易方达信息行业精选股票
10016,华夏科技前沿6个月定开混合A
10017,华夏科技前沿6个月定开混合C
10018,招商瑞泽一年持有期混合A
10019,招商瑞泽一年持有期混合C
10020,华夏线上经济主题精选混合
10021,广发优企精选混合C
10022,广发消费品精选混合C
10023,广发制造业精选混合C
10024,广发沪港深新起点股票C
10025,广发聚丰混合C
10026,广发聚瑞混合C
10028,华泰柏瑞创新升级混合C
10029,富国稳进回报12个月持有期混合A
10030,富国稳进回报12个月持有期混合C
10031,华泰柏瑞生物医药混合C
10032,华泰柏瑞新兴产业混合C
10033,安信成长精选混合A
10034,安信成长精选混合C
10036,广发恒通六个月持有期混合A
10037,华泰柏瑞价值增长混合C
10038,广发恒通六个月持有期混合C
10043,天弘安康颐和混合A
10044,天弘安康颐和混合C
10045,汇添富稳健添盈一年持有混合
10046,博时金福安一年持有混合(FOF)A
10047,博时金福安一年持有混合(FOF)C
10049,长城成长先锋混合A
10050,长城成长先锋混合C
10054,万家健康产业混合A
10055,万家健康产业混合C
10056,平安瑞兴一年定开混合A
10057,平安瑞兴一年定开混合C
10058,天弘荣创一年持有期混合
10059,东方红鼎元3个月定开混合
10060,华泰柏瑞景利混合A
10061,华泰柏瑞景利混合C
10062,南方行业精选一年混合A
10063,南方行业精选一年混合C
10064,圆信永丰兴研A
10065,圆信永丰兴研C
10066,方正富邦中证500指数增强A
10067,方正富邦中证500指数增强C
10072,方正富邦策略精选A
10073,方正富邦策略精选C
10076,湘财长弘灵活配置混合A
10077,湘财长弘灵活配置混合C
10078,博时恒荣一年混合A
10079,博时恒荣一年混合C
10080,中欧优势成长三个月定开混合
10088,工银优质成长混合A
10089,工银优质成长混合C
10090,中信建投医药健康A
10091,中信建投医药健康C
10093,西部利得港股通新机遇混合C
10094,交银产业机遇混合
10100,创金合信鼎诚3个月定开混合A
10101,创金合信鼎诚3个月定开混合C
10104,景顺长城消费精选混合A
10105,景顺长城消费精选混合C
10106,华夏核心科技6个月定开混合A
10107,华夏核心科技6个月定开混合C
10109,富国价值增长混合
10110,广发医药健康混合A
10111,广发医药健康混合C
10112,广发研究精选股票A
10113,广发研究精选股票C
10114,华宝新兴成长混合
10116,民生加银新兴产业混合A
10117,民生加银新兴产业混合C
10122,华泰柏瑞优势领航混合A
10123,华泰柏瑞优势领航混合C
10124,兴银景气优选混合A
10125,兴银景气优选混合C
10126,平安价值成长混合A
10127,平安价值成长混合C
10128,宝盈发展新动能股票A
10129,宝盈发展新动能股票C
10130,海富通惠增一年定开混合A
10131,海富通惠增一年定开混合C
10132,南方创新成长混合A
10133,南方创新成长混合C
10134,广发新经济混合C
10135,泰达高研发创新6个月混合A
10136,泰达高研发创新6个月混合C
10141,朱雀企业优选A
10142,朱雀企业优选C
10143,交银施罗德启欣混合
10147,博道嘉兴一年持有期混合
10150,南方君信混合C
10151,东财消费精选混合A
10152,东财消费精选混合C
10153,中加中证500指数增强A
10154,中加中证500指数增强C
10155,长盛核心成长混合A
10156,长盛核心成长混合C
10157,汇安中证500增强A
10158,汇安中证500增强C
10159,中银医疗保健混合C
10160,广发高端制造股票C
10167,中银多策略混合C
10170,中银证券鑫瑞6个月持有A
10171,中银证券鑫瑞6个月持有C
10172,中银新回报灵活配置混合C
10180,华夏科技龙头两年定开混合
10181,兴业优势产业混合A
10182,兴业优势产业混合C
10183,南方创业板ETF联接E
10185,中金瑞康灵活配置混合
10186,嘉实核心成长混合A
10187,嘉实核心成长混合C
10188,中欧添益一年混合A
10189,中欧添益一年混合C
10190,嘉实价值发现三个月定开混合
10193,农银养老2045五年持有混合(FOF)
10199,长信添利安心收益混合A
10200,长信添利安心收益混合C
10201,农银汇理智增一年定开混合
10202,天弘中证科技100指数增强A
10203,天弘中证科技100指数增强C
10205,国寿安保裕安混合A
10206,国寿安保裕安混合C
10210,国泰中证计算机主题ETF联接C
10211,景顺长城顺鑫回报混合A
10212,景顺长城顺鑫回报混合C
10213,中欧互联网先锋混合A
10214,中欧互联网先锋混合C
10215,中欧达益稳健一年混合A
10216,中欧达益稳健一年混合C
10218,中金瑞泰灵活配置混合
10220,海富通消费核心混合A
10221,海富通消费核心混合C
10224,海富通中证100指数(LOF)C
10225,东方红启航三年持有混合B
10228,平安鼎弘混合(LOF)C
10229,平安鼎弘混合(LOF)D
10234,华泰柏瑞量化增强混合C
10235,广发资源优选股票C
10236,广发电子信息传媒股票C
10237,安信创新先锋混合发起A
10238,安信创新先锋混合发起C
10245,广发品牌消费股票发起式C
10246,华泰柏瑞量化先行混合C
10257,天弘多利一年
10264,鹏华成长智选混合A
10265,鹏华成长智选混合C
10266,兴全安泰稳健养老一年持有混合(FOF)
10268,太平睿安混合A
10269,太平睿安混合C
10271,国富价值成长一年持有期混合A
10272,国富价值成长一年持有期混合C
10282,中信建投智享生活混合A
10283,中信建投智享生活混合C
10291,华泰柏瑞研究精选C
10292,东方红核心优选定开混合C
10293,华商量化优质精选混合
10296,万家互联互通中国优势A
10297,万家互联互通中国优势C
10298,汇添富品牌驱动六个月持有混合
10299,南方产业升级混合A
10300,南方产业升级混合C
10301,达诚成长先锋混合A
10302,达诚成长先锋混合C
10303,华泰柏瑞量化创盈混合A
10304,华泰柏瑞量化创盈混合C
10305,华夏创新驱动混合A
10306,华夏创新驱动混合C
10307,东财信息产业精选混合A
10308,东财信息产业精选混合C
10311,中银量化价值混合C
10312,中银金融地产混合C
10313,上银鑫恒混合
10315,华夏创新未来18个月封闭混合C
10316,中欧创新未来18个月封闭混合C
10317,易方达创新未来18个月封闭混合C
10318,汇添富创新未来18个月封闭混合C
10319,鹏华创新未来18个月封闭混合C
10321,中银大健康股票C
10323,华安平衡养老三年持有(FOF)
10326,博时消费创新混合A
10327,博时消费创新混合C
10328,博时荣华灵活配置混合A
10329,博时荣华灵活配置混合C
10330,东吴兴享成长混合
10335,华宝竞争优势混合
10340,易方达高质量严选三年持有
10345,华泰柏瑞成长智选混合A
10346,华泰柏瑞成长智选混合C
10349,诺安低碳经济股票C
10351,诺安中证100指数C
10352,诺安沪深300指数增强C
10355,诺安中证500指数增强C
10356,诺安创业板指数增强(LOF)C
10363,信达澳银匠心臻选两年持有期混合
10364,鹏华空天军工指数(LOF)C
10365,鹏华香港银行指数(LOF)C
10366,鹏华中证医药卫生(LOF)C
10367,中融景瑞一年持有混合A
10368,中融景瑞一年持有混合C
10369,大成卓享一年持有混合A
10370,大成卓享一年持有混合C
10371,大成成长进取混合A
10372,大成成长进取混合C
10375,国金鑫悦经济新动能A
10376,国金鑫悦经济新动能C
10385,华安汇嘉精选混合A
10386,华安汇嘉精选混合C
10387,易方达医药生物股票A
10388,易方达医药生物股票C
10389,易方达科益混合A
10390,易方达科益混合C
10393,工银健康生活混合A
10394,工银健康生活混合C
10395,融通稳健添盈灵活配置混合A
10396,融通稳健添盈灵活配置混合C
10398,中加科享混合A
10399,中加科享混合C
10409,富国消费精选30股票
10419,申万菱信中证环保产业指数(LOF)C
10420,民生加银成长优选股票
10423,国投瑞银价值成长一年持有混合A
10424,国投瑞银价值成长一年持有混合C
10427,兴银策略智选混合A
10428,兴银策略智选混合C
10429,中欧睿见混合
10432,广发中小板300联接C
10433,广发新兴产业混合C
10434,红土创新医疗保健股票
10439,汇添富稳健汇盈一年持有期混合
10444,南方誉尚一年持有期混合A
10445,南方誉尚一年持有期混合C
10452,广发瑞福精选混合A
10453,广发瑞福精选混合C
10455,博时产业精选混合A
10456,博时产业精选混合C
10460,兴业研究精选混合
10461,民生加银康利混合
10465,鹏扬景创混合A
10466,鹏扬景创混合C
10478,景顺长城泰祥回报混合
10481,添富高质量成长精选2年混合
10484,中银量化精选混合C
10487,中银顺盈回报一年持有混合
10490,鹏华高质量增长混合A
10491,鹏华高质量增长混合C
10500,中银创新医疗混合C
10505,申万菱信创业板量化精选股票C
10506,东方红睿玺三年定开混合C
10508,博时鑫康混合A
10511,博时鑫康混合C
10531,申万中证申万电子行业投资指数(LOF)C
10541,国寿安保稳和6个月持有期混合A
10542,国寿安保稳和6个月持有期混合C
10547,博时恒进持有期混合A
10548,博时恒进持有期混合C
10549,富国均衡策略混合
10550,华商双擎领航混合
10556,汇添富沪深300指数增强C
10557,汇添富数字生活六个月持有混合
10562,永赢成长领航混合A
10563,永赢成长领航混合C
10572,易方达中证万得生物科技指数(LOF)C
10573,华润元大富时中国A50指数C
10585,创金合信医药消费股票A
10586,创金合信医药消费股票C
10602,长城均衡优选混合
10636,财通安盈混合A
10637,财通安盈混合C
10650,易方达创新未来18个月封闭混合B
10654,天弘医药创新A
10655,天弘医药创新C
10665,博时高端装备混合A
10666,博时高端装备混合C
10672,鹏华创新未来18个月封闭混合B
10675,华夏创新未来18个月封闭混合B
10677,工银中证传媒指数(LOF)C
10682,中欧创新未来18个月封闭混合B
10685,工银前沿医疗股票C
10686,汇添富创新未来18个月封闭混合B
10687,工银文体产业股票C
10696,工银金融地产混合C
10755,博道睿见一年持有期混合
10841,华宝红利精选混合C
10842,华宝科技先锋混合C
20001,国泰金鹰增长混合
20003,国泰金龙行业混合
20005,国泰金马稳健混合
20009,国泰金鹏蓝筹混合
20010,国泰金牛创新成长混合
20011,国泰沪深300指数A
20015,国泰区位优势混合
20018,国泰金鹿混合
20021,国泰上证180金融ETF联接
20022,国泰策略价值灵活配置混合
20023,国泰事件驱动策略混合
20026,国泰成长优选混合
40001,华安创新混合
40002,华安中国A股增强指数
40004,华安宝利配置混合
40005,华安宏利混合
40007,华安中小盘成长混合
40008,华安策略优选混合
40011,华安核心优选混合
40015,华安动态灵活配置混合
40016,华安行业轮动混合
40020,华安升级主题混合
40025,华安科技动力混合
40035,华安逆向策略混合
40180,华安上证180ETF联接
40190,华安上证龙头ETF联接
50001,博时价值增长混合
50002,博时沪深300指数A
50004,博时精选混合A
50007,博时平衡配置混合
50008,博时第三产业混合
50009,博时新兴成长混合
50010,博时特许价值混合A
50012,博时策略混合
50013,博时上证超大盘ETF联接
50014,博时创业成长混合A
50018,博时行业轮动混合
50021,博时创业板ETF联接A
50022,博时回报混合
50024,博时上证自然资源ETF联接
50026,博时医疗保健行业混合A
50201,博时价值增长贰号混合
70001,嘉实成长收益混合A
70002,嘉实增长混合
70003,嘉实稳健混合
70006,嘉实服务增值行业混合
70010,嘉实主题混合
70011,嘉实策略混合
70013,嘉实研究精选混合A
70017,嘉实量化阿尔法混合
70018,嘉实回报混合
70019,嘉实价值优势混合
70021,嘉实主题新动力混合
70022,嘉实领先成长混合
70023,嘉实深证基本面120联接A
70027,嘉实周期优选混合
70030,嘉实中创400ETF联接A
70032,嘉实优化红利混合
70039,嘉实中证500ETF联接C
70099,嘉实优质企业混合
80001,长盛成长价值混合
80002,长盛创新先锋混合
80005,长盛量化红利混合
80007,长盛同鑫行业配置混合
80008,长盛战略新兴产业混合A
80012,长盛电子信息产业混合
80015,长盛中小盘精选混合
90001,大成价值增长混合
90003,大成蓝筹稳健混合
90004,大成精选增值混合
90006,大成2020生命周期混合
90007,大成策略回报混合
90009,大成行业轮动混合
90010,大成中证红利指数A
90011,大成核心双动力混合
90012,大成深证成长40ETF联接
90013,大成竞争优势混合
90015,大成内需增长混合A
90016,大成消费主题混合
90018,大成新锐产业混合
90019,大成景恒混合A
90020,大成健康产业混合
100016,富国天源沪港深平衡混合
100020,富国天益价值混合
100022,富国天瑞强势混合
100026,富国天合稳健优选混合
100029,富国天成红利混合
100032,富国中证红利指数增强A
100038,富国沪深300指数增强
100039,富国通胀通缩主题轮动混合
100053,富国上证指数ETF联接
100056,富国低碳环保混合
100060,富国高新技术产业混合
110001,易方达平稳增长混合
110002,易方达策略成长混合
110003,易方达上证50指数A
110005,易方达积极成长混合
110009,易方达价值精选混合
110010,易方达价值成长混合
110011,易方达中小盘混合
110012,易方达科汇灵活配置混合
110013,易方达科翔混合
110015,易方达行业领先混合
110019,易方达深证100ETF联接A
110019,易方达深证100ETF联接A
110020,易方达沪深300ETF联接A
110021,易方达上证中盘ETF联接A
110022,易方达消费行业股票
110023,易方达医疗保健行业混合
110025,易方达资源行业混合
110026,易方达创业板ETF联接A
110029,易方达科讯混合
110030,易方达沪深300量化增强
112002,易方达策略成长二号混合
121001,国投瑞银融华债券
121002,国投瑞银景气行业混合
121003,国投瑞银核心企业混合
121005,国投瑞银创新动力混合
121006,国投瑞银稳健增长混合
121008,国投瑞银成长优选混合
121010,国投瑞银瑞源灵活配置混合
150103,银河银泰混合
150968,银河研究精选混合
151001,银河稳健混合
160105,南方积极配置混合(LOF)
160106,南方高增长混合(LOF)
160127,南方新兴消费增长股票(LOF)A
160133,南方天元新产业股票(LOF)
160135,南方中证高铁产业指数(LOF)
160136,南方中证国有企业改革指数(LOF)A
160137,南方中证互联网指数(LOF)
160142,南方战略配售(LOF)
160143,南方创业板2年定期开放混合
160144,南方新兴消费增长股票(LOF)C
160211,国泰中小盘成长混合(LOF)
160212,国泰估值优势混合(LOF)
160215,国泰价值经典混合(LOF)
160218,国泰国证房地产行业指数分级
160219,国泰国证医药卫生行业指数分级
160220,国泰民益混合(LOF)A
160221,国泰国证有色金属行业指数分级
160222,国泰国证食品饮料行业指数分级
160223,国泰创业板指数(LOF)
160224,国泰中证计算机主题ETF联接A
160225,国泰国证新能源汽车指数
160226,国泰民益混合(LOF)C
160311,华夏蓝筹混合(LOF)
160314,华夏行业混合(LOF)
160322,华夏港股通精选股票LOF
160323,华夏磐泰混合(LOF)
160324,华夏磐晟混合(LOF)
160325,华夏创业板两年定开混合
160415,华安量化多因子混合(LOF)
160418,华安中证银行指数分级
160419,华安中证全指证券公司指数分级
160420,华安创业板50指数分级
160421,华安智增精选混合
160422,华安创业板50ETF联接A
160424,华安创业板50ETF联接C
160425,华安创业板两年定开混合
160505,博时主题行业混合(LOF)
160512,博时卓越品牌混合(LOF)
160516,博时中证全指证券公司指数(LOF)
160517,博时中证银行指数(LOF)
160518,博时睿远
160519,博时睿利事件驱动(LOF)
160520,博时弘盈定期开放混合A
160521,博时弘盈定期开放混合C
160522,博时睿益事件驱动混合(LOF)
160524,博时弘泰混合
160526,博时优势企业(LOF)A
160527,博时研究优选3年封闭混合A
160528,博时研究优选3年封闭混合C
160529,博时创业板两年定开混合
160603,鹏华普天收益混合
160605,鹏华中国50混合
160607,鹏华价值优势混合(LOF)
160610,鹏华动力增长混合(LOF)
160611,鹏华优质治理混合(LOF)
160613,鹏华盛世创新混合(LOF)
160615,鹏华沪深300指数(LOF)A
160616,鹏华中证500指数(LOF)A
160620,鹏华资源分级
160624,鹏华消费领先混合
160625,鹏华证券保险分级
160626,鹏华信息分级
160627,鹏华策略优选灵活配置混合
160628,鹏华地产分级
160629,鹏华传媒分级
160630,鹏华中证国防指数分级
160631,鹏华银行分级
160632,鹏华酒分级
160633,鹏华证券分级
160634,鹏华环保分级
160635,鹏华中证医药卫生(LOF)A
160636,鹏华互联网分级
160637,鹏华创业板分级
160638,鹏华一带一路分级
160639,鹏华高铁分级
160642,鹏华增瑞混合(LOF)
160643,鹏华空天军工指数(LOF)A
160645,鹏华精选回报三年定开混合
160706,嘉实沪深300ETF联接A
160716,嘉实基本面50指数(LOF)A
160722,嘉实惠泽混合(LOF)
160724,嘉实沪深300ETF联接C
160725,嘉实基本面50指数(LOF)C
160726,嘉实瑞享定期混合
160805,长盛同智优势混合(LOF)
160806,长盛同庆中证800(LOF)
160807,长盛沪深300指数(LOF)
160812,长盛同益成长回报(LOF)
160813,长盛同盛成长优选(LOF)
160814,长盛中证金融地产指数(LOF)
160910,大成创新成长混合(LOF)
160916,大成优选混合(LOF)
160918,大成中小盘混合(LOF)
160919,大成产业升级股票(LOF)
160921,大成多策略混合(LOF)
160925,大成中华沪深港300指数(LOF)A
160926,大成创业板两年定开混合A
161005,富国天惠成长混合A
161017,富国中证500指数(LOF)
161022,富国创业板指数分级
161024,富国中证军工指数分级
161025,富国中证移动互联网指数分级
161026,富国中证国有企业改革指数分级
161027,富国中证全指证券公司指数分级
161028,富国中证新能源汽车指数分级
161029,富国中证银行指数
161030,富国中证体育产业指数分级
161031,富国中证工业4.0指数分级
161032,富国中证煤炭指数分级
161033,富国中证智能汽车(LOF)
161035,富国中证医药主题指数增强
161036,富国中证娱乐主题指数增强型
161037,富国中证高端制造指数增强型
161038,富国新兴成长量化精选混合
161039,富国中证1000指数增强
161040,富国创业板两年定开混合
161118,易方达中小板指数(LOF)
161121,易方达中证银行指数(LOF)A
161122,易方达中证万得生物科技指数(LOF)A
161123,易方达重组分级
161131,易方达战略配售(LOF)
161132,易方达科顺定开混合
161211,国投沪深300金融地产联接
161213,国投瑞银中证消费服务指数
161217,国投瑞银中证资源指数
161219,国投瑞银新兴产业混合
161222,国投瑞银瑞利混合(LOF)
161224,国投瑞银新丝路混合(LOF)
161225,国投瑞银瑞盈混合(LOF)
161226,国投瑞银白银期货(LOF)
161227,国投瑞银深证100指数
161232,国投瑞银瑞盛混合(LOF)
161233,国投瑞银瑞泰多策略混合
161601,融通新蓝筹混合
161604,融通深证100指数A
161605,融通蓝筹成长混合
161606,融通行业景气混合A
161607,融通巨潮100指数A(LOF)
161609,融通动力先锋混合
161610,融通领先成长混合(LOF)A
161611,融通内需驱动混合
161612,融通深证成份指数A
161613,融通创业板指数A
161616,融通医疗保健行业混合A/B
161628,融通中证云计算与大数据主题指数(LOF)
161629,融通中证精准医疗主题指数(LOF)
161631,融通人工智能指数(LOF)A
161706,招商优质成长混合(LOF)
161715,招商大宗商品(LOF)
161718,招商沪深300高贝塔
161720,招商中证全指证券公司指数分级
161721,招商沪深300地产等权重分级
161722,招商丰泰混合(LOF)
161723,招商中证银行指数分级
161724,招商中证煤炭等权指数分级
161725,招商中证白酒指数分级
161726,招商国证生物医药指数分级
161727,招商增荣混合(LOF)
161728,招商战略配售(LOF)
161729,招商3年封闭瑞利混合
161810,银华内需精选混合(LOF)
161811,银华沪深300指数(LOF)
161812,银华深证100指数分级
161816,银华中证等权重90指数(LOF)
161818,银华消费主题混合
161834,银华鑫锐灵活配置混合(LOF)
161837,银华大盘两年定开混合
161838,银华创业板两年定期开放混合
161903,万家行业优选混合(LOF)
161907,万家中证红利指数(LOF)
161910,万家新机遇价值驱动A
161912,万家社会责任18个月定开A
161913,万家社会责任18个月定开C
161914,万家创业板2年定期开放混合A
161915,万家创业板2年定期开放混合C
162006,长城久富混合(LOF)
162102,金鹰中小盘精选混合
162107,金鹰量化精选股票(LOF)
162201,泰达宏利成长混合
162202,泰达宏利周期混合
162203,泰达宏利稳定混合
162204,泰达宏利行业混合
162205,泰达宏利风险预算混合
162207,泰达宏利效率优选混合
162208,泰达宏利首选企业股票
162209,泰达宏利市值优选混合
162211,泰达宏利品质生活混合
162212,泰达宏利红利先锋混合
162213,泰达宏利沪深300指数增强A
162214,泰达宏利领先中小盘混合
162216,泰达中证500指数增强(LOF)
162307,海富通中证100指数(LOF)A
162412,华宝中证医疗指数分级
162413,华宝中证1000指数
162414,华宝新机遇混合(LOF)A
162416,华宝港股通恒生香港35
162509,国联安中证100指数(LOF)
162510,国联安双力中小板综指
162605,景顺长城鼎益混合(LOF)
162607,景顺长城资源垄断混合
162703,广发小盘成长混合(LOF)A
162711,广发中证500ETF联接A
162714,广发深证100指数(LOF)A
162717,广发再融资主题
162720,广发创业板两年定开混合
162907,泰信中证锐联基本面400指数(LOF)
163001,长信医疗保健混合(LOF)
163109,申万菱信深证成指分级
163110,申万菱信量化小盘股票
163111,申万菱信中小板指数(LOF)A
163113,申万菱信申万证券分级
163114,申万菱信中证环保产业指数(LOF)A
163115,申万菱信中证军工指数分级
163116,申万中证申万电子行业投资指数(LOF)A
163118,申万菱信申万医药生物分级
163209,诺安创业板指数增强(LOF)A
163302,大摩资源优选混合(LOF)
163402,兴全趋势投资混合(LOF)
163406,兴全合润分级混合
163407,兴全沪深300指数(LOF)A
163409,兴全绿色投资混合(LOF)
163411,兴全精选混合
163412,兴全轻资产混合(LOF)
163415,兴全商业模式优选混合
163417,兴全合宜混合(LOF)A
163503,天治核心成长混合(LOF)
163801,中银中国混合(LOF)
163803,中银持续增长混合A
163804,中银收益混合A
163805,中银策略混合
163807,中银优选混合
163808,中银中证100指数增强
163809,中银蓝筹混合
163810,中银价值混合
163818,中银中小盘成长混合
163821,中银沪深300等权重指数
163822,中银主题策略混合
163823,中银稳健策略混合
164205,天弘文化新兴产业
164304,新华中证环保产业指数
164401,前海开源健康分级
164402,前海开源中航军工
164403,前海开源沪港深农业混合
164508,国富中证100指数增强(LOF)
164809,工银中证500ETF联接A
164811,工银中证京津冀协同发展指数A
164818,工银中证传媒指数(LOF)A
164825,工银中证京津冀协同发展指数C
164905,交银新能源指数(LOF)
164907,交银中证互联网金融指数分级
164908,交银中证环境治理(LOF)
165309,建信沪深300指数(LOF)
165310,建信沪深300指数增强(LOF)A
165312,建信央视50
165313,建信优势动力混合(LOF)
165317,建信丰裕多策略灵活配置混合
165508,信诚深度价值混合(LOF)
165511,信诚中证500指数分级
165512,信诚新机遇混合(LOF)
165515,信诚沪深300指数分级
165516,信诚周期轮动混合(LOF)
165519,信诚中证800医药指数分级
165520,信诚中证800有色指数分级
165521,信诚中证800金融指数分级
165522,信诚中证TMT产业主题分级
165523,信诚中证信息安全指数分级
165524,信诚中证智能家居指数分级
165525,信诚中证基建工程指数LOF
165526,信诚新旺混合(LOF)A
165527,信诚新旺混合(LOF)C
165528,信诚鼎利
165531,信诚多策略灵活配置混合
165806,东吴沪深300A
165810,东吴沪深300C
166001,中欧新趋势混合A
166002,中欧新蓝筹混合A
166005,中欧价值发现混合A
166006,中欧行业成长混合(LOF)A
166007,中欧互通精选混合A
166009,中欧新动力混合(LOF)A
166011,中欧盛世成长混合(LOF)A
166019,中欧价值智选混合A
166020,中欧成长优选混合A
166023,中欧瑞丰灵活配置混合(LOF)A
166024,中欧恒利三年定期开放混合
166025,中欧远见两年定开混合A
166027,中欧创业板两年定开混合A
166107,信达澳银量化多因子混合(LOF)A
166108,信达澳银量化多因子混合(LOF)C
166109,信达澳银量化先锋(LOF)A
166110,信达澳银量化先锋(LOF)C
166301,华商新趋势优选灵活配置混合
166402,浦银安盛沪港深基本面100
166801,浙商聚潮新思维混合
166802,浙商沪深300指数增强
167001,平安鼎泰混合(LOF)
167002,平安鼎越混合(LOF)
167003,平安鼎弘混合(LOF)A
167301,方正富邦保险主题指数分级
167302,方正富邦大湾区综指(LOF)
167503,安信一带一路分级
167506,安信深圳科技指数(LOF)A
167507,安信深圳科技指数(LOF)C
167508,安信价值发现两年定开混合(LOF)
167601,国金沪深300指数增强
167702,德邦量化优选股票(LOF)A
167703,德邦量化优选股票(LOF)C
167705,德邦量化新锐股票A
167706,德邦量化新锐股票C
168001,国寿安保中证养老产业
168002,国寿安保策略精选混合(LOF)
168101,九泰锐智事件驱动混合(LOF)
168102,九泰锐富事件驱动混合
168103,九泰锐益定增混合
168104,九泰锐丰灵活配置混合(LOF)A
168105,九泰泰富定增混合
168106,九泰盈华量化混合(LOF)A
168107,九泰盈华量化混合(LOF)C
168108,九泰锐诚混合(LOF)
168111,九泰锐丰灵活配置混合(LOF)C
168203,中融国证钢铁行业指数分级
168204,中融中证煤炭指数分级
168205,中融中证银行指数(LOF)
168207,中融创业板两年定开混合
168301,东海祥龙混合(LOF)
168401,红土创新转型精选灵(LOF)
168501,北信瑞丰产业升级
168601,汇安裕阳定开混合
168701,合煦智远金融科技指数(LOF)A
168702,合煦智远金融科技指数(LOF)C
169101,东方红睿丰混合
169102,东方红睿阳三年混合
169103,东方红睿轩三年定开混合
169104,东方红睿满沪港深混合(LOF)
169105,东方红睿华沪港深混合(LOF)
169106,东方红创新优选定开混合
169107,东方红恒阳五年定开混合
169108,东方红均衡优选定开混合
169201,浙商鼎盈事件驱动混合
180001,银华优势企业混合
180003,银华-道琼斯88指数A
180010,银华优质增长混合
180012,银华富裕主题混合
180013,银华领先策略混合
180018,银华和谐主题混合
180020,银华成长先锋混合
180028,银华永祥灵活配置混合
180031,银华中小盘混合
184801,鹏华前海万科REITS
200001,长城久恒灵活配置混合
200002,长城久泰沪深300指数A
200006,长城消费增值混合
200007,长城安心回报混合
200008,长城品牌优选混合
200010,长城双动力混合
200011,长城景气行业龙头混合
200012,长城中小盘成长混合
200015,长城优化升级混合
200016,长城稳健成长灵活配置混合
202001,南方稳健成长混合
202002,南方稳健成长贰号混合
202003,南方绩优成长混合A
202005,南方成份精选混合A
202007,南方隆元产业主题混合
202009,南方盛元红利混合
202011,南方优选价值混合A
202015,南方沪深300联接基金A
202017,南方深证成份ETF联接A
202019,南方策略优化混合
202021,南方小康ETF联接A
202023,南方优选成长混合A
202025,南方上证380ETF联接A
202027,南方高端装备灵活配置混合A
202211,南方中证100指数A
202212,南方平衡配置混合
202213,南方核心竞争混合
206001,鹏华弘泰A
206002,鹏华精选成长混合
206007,鹏华消费优选混合
206009,鹏华新兴产业混合
206012,鹏华价值精选股票
206013,鹏华宏观灵活配置混合
210001,金鹰成份优选混合
210002,金鹰红利价值混合
210003,金鹰行业优势混合
210004,金鹰稳健成长混合
210005,金鹰主题优势混合
210006,金鹰元禧混合A
210007,金鹰技术领先灵活配置混合A
210008,金鹰策略配置混合
210009,金鹰核心资源混合
210010,金鹰灵活配置混合A
210011,金鹰灵活配置混合C
213001,宝盈鸿利收益灵活配置混合A
213002,宝盈泛沿海增长混合
213003,宝盈策略增长混合
213006,宝盈核心优势混合A
213008,宝盈资源优选混合
213010,宝盈中证100指数增强A
217001,招商安泰混合
217002,招商安泰平衡混合
217005,招商先锋混合
217009,招商核心价值混合
217010,招商大盘蓝筹混合
217012,招商行业领先混合A
217013,招商中小盘混合
217016,招商深证100指数A
217017,招商上证消费80ETF联接A
217019,招商深证TMT50ETF联接A
217020,招商安达灵活配置混合
217021,招商优势企业混合
217027,招商央视财经50指数A
229002,泰达宏利逆向策略混合
233001,大摩基础行业混合
233006,大摩领先优势混合
233007,大摩卓越成长混合
233008,大摩消费领航混合
233009,大摩多因子策略混合
233010,大摩深证300指数增强
233011,大摩主题优选混合
233015,大摩量化配置混合A
240001,华宝宝康消费品
240002,华宝宝康配置混合
240004,华宝动力组合
240005,华宝多策略增长开放
240008,华宝收益增长混合
240009,华宝先进成长混合
240010,华宝行业精选混合
240011,华宝大盘精选混合
240014,华宝中证100指数A
240016,华宝上证180价值联接
240017,华宝新兴产业混合
240019,华宝中证银行ETF联接A
240020,华宝医药生物混合
240022,华宝资源优选混合
253010,国联安安心成长混合
255010,国联安稳健混合
257010,国联安小盘精选混合
257020,国联安精选混合
257030,国联安优势混合
257040,国联安红利混合
257050,国联安主题驱动混合
257060,国联安上证商品ETF联接
257070,国联安优选行业混合
260101,景顺长城优选混合
260103,景顺长城动力平衡混合
260104,景顺长城内需增长混合
260108,景顺长城新兴成长混合
260109,景顺长城内需贰号混合
260110,景顺长城精选蓝筹混合
260111,景顺长城公司治理混合
260112,景顺长城能源基建混合
260115,景顺长城中小盘混合
260116,景顺长城核心竞争力混合A
260117,景顺长城支柱产业混合
270001,广发聚富混合
270002,广发稳健增长混合A
270005,广发聚丰混合A
270006,广发策略优选混合
270007,广发大盘成长混合
270008,广发核心精选混合
270010,广发沪深300ETF联接A
270021,广发聚瑞混合A
270022,广发内需增长混合
270025,广发行业领先混合A
270026,广发中小板300联接A
270028,广发制造业精选混合A
270041,广发消费品精选混合A
270050,广发新经济混合A
288001,华夏经典混合
288002,华夏收入混合
290002,泰信先行策略混合
290004,泰信优质生活混合
290005,泰信优势增长混合
290006,泰信蓝筹精选混合
290008,泰信发展主题混合
290010,泰信中证200指数
290011,泰信中小盘精选混合
290012,泰信行业精选混合A
290014,泰信现代服务业混合
310308,申万菱信盛利精选混合
310318,申万菱信沪深300指数增强A
310328,申万菱信新动力混合
310358,申万菱信新经济混合
310368,申万菱信竞争优势混合
310388,申万菱信消费增长混合
310398,申万菱信沪深300价值指数A
320001,诺安平衡混合
320003,诺安先锋混合
320005,诺安价值增长混合
320006,诺安灵活配置混合
320007,诺安成长混合
320010,诺安中证100指数A
320011,诺安中小盘精选混合
320012,诺安主题精选混合
320014,诺安沪深300指数增强A
320015,诺安行业轮动混合
320016,诺安多策略混合
320018,诺安新动力混合
320020,诺安策略精选股票
320022,诺安研究精选股票
340001,兴全可转债混合
340006,兴全全球视野股票
340007,兴全社会责任混合
340008,兴全有机增长混合
350001,天治财富增长混合
350002,天治低碳经济混合
350005,天治中国制造2025
350007,天治趋势精选混合
350008,天治新消费混合
350009,天治研究驱动混合A
360001,光大量化股票
360005,光大红利混合
360006,光大新增长混合
360007,光大优势配置混合
360010,光大均衡精选混合
360011,光大动态优选混合
360012,光大中小盘混合
360016,光大行业轮动混合
370023,上投摩根中证消费服务指数
370024,上投摩根核心优选混合
370027,上投摩根智选30混合
373010,上投摩根双息平衡混合A
373020,上投摩根双核平衡混合
375010,上投摩根中国优势混合
376510,上投摩根大盘蓝筹股票
377010,上投摩根阿尔法混合
377020,上投摩根内需动力混合
377150,上投摩根健康品质生活混合
377240,上投摩根新兴动力混合A
377530,上投摩根行业轮动混合A
378010,上投摩根成长先锋混合
379010,上投摩根中小盘混合
393001,中海优势精选灵活配置混合
398001,中海优质成长混合
398011,中海分红增利混合
398021,中海能源策略混合
398031,中海蓝筹混合
398041,中海量化策略混合
398051,中海环保新能源混合
398061,中海消费混合
399001,中海上证50指数增强
399011,中海医疗保健主题股票
400001,东方龙混合
400003,东方精选混合
400007,东方策略成长混合
400011,东方核心动力混合
400013,东方成长收益灵活配置混合A
400015,东方新能源汽车混合
400020,东方成长回报平衡混合
400023,东方多策略灵活配置混合A
400025,东方新兴成长混合
400032,东方主题精选混合
410001,华富竞争力优选混合
410003,华富成长趋势混合
410006,华富策略精选混合
410007,华富价值增长混合
410008,华富中证100指数
410009,华富量子生命力混合
410010,华富中小板指数增强
420001,天弘精选混合
420003,天弘永定价值成长混合
420005,天弘周期策略混合
420009,天弘安康颐养混合A
450001,国富中国收益混合
450002,国富弹性市值混合
450003,国富潜力组合混合A
450004,国富深化价值混合
450007,国富成长动力混合
450008,国富沪深300指数增强
450009,国富中小盘股票
450010,国富策略回报混合
450011,国富研究精选混合
460001,华泰柏瑞盛世中国混合
460002,华泰柏瑞积极成长混合A
460005,华泰柏瑞价值增长混合A
460007,华泰柏瑞行业领先混合
460009,华泰柏瑞量化先行混合A
460220,华泰柏瑞上证中小盘ETF联接
460300,华泰柏瑞沪深300ETF联接A
470006,汇添富医药保健混合A
470007,汇添富上证综合指数
470008,汇添富策略回报混合
470009,汇添富民营活力混合A
470021,汇添富优选回报灵活配置混合A
470028,汇添富社会责任混合
470068,汇添富深证300ETF联接
470098,汇添富逆向投资混合
481001,工银核心价值混合A
481004,工银稳健成长混合A
481006,工银红利混合
481008,工银大盘蓝筹混合
481009,工银沪深300指数A
481010,工银中小盘混合
481012,工银深证红利ETF联接A
481013,工银消费服务混合
481015,工银主题策略混合
481017,工银量化策略混合
483003,工银精选平衡混合
487016,工银瑞信灵活配置混合A
487021,工银优质精选混合
501000,国金鑫新灵活配置(LOF)
501001,财通多策略精选混合(LOF)
501002,长信价值优选混合
501005,汇添富中证精准医疗指数A
501006,汇添富中证精准医疗指数C
501007,汇添富中证互联网医疗指数A
501008,汇添富中证互联网医疗指数C
501009,汇添富中证生物科技指数A
501010,汇添富中证生物科技指数C
501011,汇添富中证中药指数(LOF)A
501012,汇添富中证中药指数(LOF)C
501015,财通多策略升级混合(LOF)
501016,国泰中证申万证券行业指数
501017,国泰融丰外延增长混合(LOF)
501019,国泰国证航天军工指数
501022,银华鑫盛灵活配置混合(LOF)
501023,鹏华香港中小企业指数LOF
501025,鹏华香港银行指数(LOF)A
501026,财通多策略福享混合(LOF)
501027,国泰融信(LOF)
501028,财通多策略福瑞混合(LOF)
501029,华宝标普中国A股红利机会指数A
501030,汇添富中证环境治理指数A
501031,汇添富中证环境治理指数C
501032,财通福盛混合发起(LOF)
501036,汇添富中证500A
501037,汇添富中证500C
501038,银华明择多策略定期开放混合
501039,汇添富睿丰混合(LOF)A
501040,汇添富睿丰混合(LOF)C
501041,汇添富弘安(LOF)A
501042,汇添富弘安(LOF)C
501043,汇添富沪深300指数A
501045,汇添富沪深300指数C
501046,财通多策略福鑫定开混合
501047,汇添富中证全指证券公司指数A
501048,汇添富中证全指证券公司指数C
501049,东方红睿玺三年定开混合A
501050,华夏上证50AH优选指数A
501051,圆信永丰汇利混合(LOF)
501053,东方红目标优选定开混合
501054,东方红睿泽三年定开混合
501055,财通福佑定开混合发起
501057,汇添富中证新能源汽车A
501058,汇添富中证新能源汽车C
501059,西部利得国企红利(LOF)A
501060,中金优选300指数(LOF)A
501061,中金优选300指数(LOF)C
501062,南方瑞合定开混合(LOF)
501063,添富悦享定开混合
501064,国泰价值优选灵活配置混合
501065,汇添富经典成长定开混合
501066,东方红恒元五年定开混合
501067,招商富时A-H50指数A
501068,招商富时A-H50指数C
501069,华宝标普中国A股质量价值
501070,广发睿阳三年定开混合
501071,泓德三年封闭丰泽混合
501072,国金红利增强
501073,华安科创主题混合
501075,万家科创3年封闭混合A
501076,鹏华科创3年封闭混合
501077,富国科创主题混合
501078,广发科创主题3年封闭混合
501079,大成科创主题3年封闭混合
501080,中金科创主题3年封闭混合
501081,中欧科创主题3年封闭混合
501082,博时科创主题3年封闭混合
501083,银华科创主题3年封闭混合
501085,财通科创主题3年封闭混合
501086,华宝MSCI中国A股国际通(LOF)
501087,交银瑞丰三年封闭混合
501088,嘉实瑞虹三年定期混合
501089,方正富邦消费红利指数增强(LOF)
501090,华宝中证消费龙头指数(LOF)A
501091,嘉实瑞熙三年封闭运作混合A
501092,交银瑞思三年封闭运作混合
501093,华夏翔阳两年定开混合
501095,中银证券科创3年封闭混合
501096,国联安科创3年封闭混合
501097,国寿安保科创3年封闭混合
501098,建信科技创新3年封闭混合
501099,平安科技创新3年封闭混合
501186,华夏战略配售(LOF)
501188,汇添富战略配售(LOF)
501189,嘉实战略配售(LOF)
501200,民生加银科创3年封闭混合
501201,红土科技创新3年封闭混合
501202,华泰紫金科创3年封闭混合C
501301,华宝香港大盘A
501302,南方恒指ETF联接A
501303,广发恒生中型股指数A
501305,汇添富中证港股通(LOF)A
501306,汇添富中证港股通(LOF)C
501307,银河中证沪港深高股息A
501308,银河中证沪港深高股息C
501309,国泰恒生港股通指数(LOF)
501310,华宝沪港深中国增强(LOF)A
501311,嘉实港股通新经济指数A
502000,西部利得中证500指数增强A
502003,易方达军工分级
502006,易方达国企改革指数分级
502010,易方达证券公司分级
502013,长盛中证申万一带一路分级
502020,国金上证50指数增强(LOF)
502023,鹏华钢铁分级
502040,长盛上证50指数(LOF)
502048,易方达上证50指数分级
502053,长盛中证证券公司分级
502056,广发中证医疗指数(LOF)A
506000,南方科创板3年定开混合
506001,万家科创板2年定开混合
506002,易方达科创板两年定开混合
506003,富国科创板两年定开混合
506005,博时科创板三年定开混合
506006,汇添富科创板2年定开混合
510081,长盛动态精选混合
519001,银华价值优选混合
519002,华安安信消费混合
519003,海富通收益增长混合
519005,海富通股票混合
519007,海富通强化回报混合
519008,汇添富优势精选混合
519011,海富通精选混合
519013,海富通风格优势混合
519015,海富通精选贰号混合
519017,大成积极成长混合
519018,汇添富均衡增长混合
519019,大成景阳领先混合
519020,国泰金泰灵活配置混合A
519021,国泰金鼎价值混合
519022,国泰金泰灵活配置混合C
519025,海富通领先成长混合
519026,海富通中小盘混合
519027,海富通上证周期ETF联接
519029,华夏稳增混合
519032,海富通上证非周期ETF联接
519033,海富通国策导向混合
519034,海富通中证500增强A
519035,富国天博创新主题混合
519039,长盛同德主题混合
519050,海富通安颐收益混合A
519056,海富通内需热点混合
519062,海富通阿尔法对冲混合A
519066,汇添富蓝筹稳健混合
519068,汇添富成长焦点混合
519069,汇添富价值精选混合A
519087,新华优选分红混合
519089,新华优选成长混合
519091,新华泛资源优势混合
519093,新华钻石品质企业混合
519095,新华行业周期轮换混合
519097,新华中小市值优选混合
519099,新华灵活主题混合
519100,长盛中证100指数
519110,浦银安盛价值成长混合A
519113,浦银安盛精致生活混合
519115,浦银安盛红利精选混合
519116,浦银安盛沪深300指数增强
519117,浦银安盛基本面400指数
519120,浦银安盛新兴产业混合
519125,浦银安盛消费升级混合A
519126,浦银安盛新经济结构混合
519127,浦银安盛盛世精选混合A
519130,海富通新内需混合A
519133,海富通改革驱动混合
519134,海富通富祥混合
519139,海富通沪港深灵活配置混合
519150,新华优选消费混合
519156,新华行业灵活配置混合A
519157,新华行业灵活配置混合C
519158,新华趋势领航混合
519165,新华鑫利灵活配置混合
519170,浦银安盛增长动力混合
519171,浦银安盛医疗健康混合
519172,浦银安盛睿智精选混合A
519173,浦银安盛睿智精选混合C
519175,浦银安盛经济带崛起混合
519176,浦银安盛消费升级混合C
519177,浦银安盛盛世精选混合C
519180,万家180指数
519181,万家和谐增长混合
519183,万家双引擎灵活配置混合
519185,万家精选混合
519191,万家新利灵活配置混合
519193,万家消费成长
519195,万家品质
519196,万家新兴蓝筹灵活配置混合
519197,万家颐达灵活配置混合
519198,万家颐和灵活配置混合
519212,万家宏观择时多策略混合
519221,海富通欣益混合C
519222,海富通欣益混合A
519223,海富通欣荣混合C
519224,海富通欣荣混合A
519228,海富通欣享灵活配置混合C
519229,海富通欣享灵活配置混合A
519300,大成沪深300指数A
519606,国泰金鑫股票
519610,银河旺利混合A
519611,银河旺利混合C
519612,银河旺利混合I
519613,银河君尚混合A
519614,银河君尚混合C
519615,银河君尚混合I
519616,银河君信混合A
519617,银河君信混合C
519618,银河君信混合I
519619,银河君荣灵活配置混合A
519620,银河君荣灵活配置混合C
519621,银河君荣灵活配置混合I
519623,银河君耀混合A
519624,银河君耀混合C
519625,银河君盛混合A
519626,银河君盛混合C
519627,银河君润混合A
519628,银河君润混合C
519629,银河睿利混合A
519630,银河睿利混合C
519640,银河鸿利混合A
519641,银河鸿利混合C
519642,银河智造混合
519644,银河智联混合
519646,银河鑫利混合I
519647,银河鸿利混合I
519651,银河转型混合
519652,银河鑫利混合A
519653,银河鑫利混合C
519655,银河服务混合
519656,银河灵活配置混合A
519657,银河灵活配置混合C
519664,银河美丽混合A
519665,银河美丽混合C
519668,银河成长混合
519670,银河行业混合
519671,银河沪深300价值指数
519672,银河蓝筹混合
519673,银河康乐股票
519674,银河创新成长混合
519677,银河定投宝腾讯济安指数
519678,银河消费混合
519679,银河主题混合
519686,交银上证180公司治理联接
519688,交银精选混合
519690,交银稳健配置混合A
519692,交银成长混合A
519694,交银蓝筹混合
519697,交银优势行业混合
519698,交银先锋混合
519700,交银主题优选混合
519702,交银趋势混合
519704,交银先进制造混合
519706,交银深证300价值ETF联接
519710,交银策略回报灵活配置混合
519712,交银阿尔法核心混合
519714,交银消费新驱动股票
519727,交银成长30混合
519732,交银定期支付双息平衡混合
519736,交银新成长混合
519738,交银周期回报灵活配置混合A
519752,交银新回报灵活配置混合A
519755,交银多策略回报灵活配置混合A
519756,交银国企改革灵活配置混合
519759,交银周期回报灵活配置混合C
519760,交银新回报灵活配置混合C
519761,交银多策略回报灵活配置混合C
519766,交银荣鑫灵活配置混合
519767,交银科技创新灵活配置混合
519768,交银优选回报灵活配置混合A
519769,交银优选回报灵活配置混合C
519770,交银优择回报灵活配置混合A
519771,交银优择回报灵活配置混合C
519772,交银新生活力灵活配置混合
519773,交银数据产业灵活配置混合
519778,交银经济新动力混合
519779,交银沪港深价值精选混合
519908,华夏兴华混合A
519909,华安安顺混合
519915,富国消费主题混合
519918,华夏兴和混合
519929,长信电子信息行业量化混合
519935,长信创新驱动股票
519937,长信先锐混合A
519949,长信利信混合A
519951,长信利泰灵活配置混合A
519956,长信睿进混合C
519957,长信睿进混合A
519959,长信多利混合
519960,长信利广混合C
519961,长信利广混合A
519962,长信利盈混合C
519963,长信利盈混合A
519965,长信量化多策略股票A
519969,长信新利灵活配置混合
519971,长信改革红利混合
519975,长信量化中小盘股票
519979,长信内需成长混合A
519983,长信量化先锋混合A
519987,长信恒利优势混合
519991,长信双利优选混合A
519993,长信增利动态策略混合
519995,长信金利趋势混合
519997,长信银利精选混合
530001,建信恒久价值混合
530003,建信优选成长混合A
530005,建信优化配置混合
530006,建信核心精选混合
530010,建信上证社会责任ETF联接
530011,建信内生动力混合
530012,建信积极配置混合
530015,建信深证基本面60ETF联接A
530016,建信恒稳价值混合
530018,建信深证100指数增强
530019,建信社会责任混合
540001,汇丰晋信2016周期混合
540002,汇丰晋信龙腾混合
540003,汇丰晋信动态策略混合A
540004,汇丰晋信2026周期混合
540006,汇丰晋信大盘股票A
540007,汇丰晋信中小盘股票
540008,汇丰晋信低碳先锋股票
540009,汇丰晋信消费红利股票
540010,汇丰晋信科技先锋股票
540012,汇丰晋信恒生龙头指数A
550001,信诚四季红混合
550002,中信保诚精萃成长混合
550003,中信保诚盛世蓝筹混合
550008,信诚优胜精选混合
550009,信诚中小盘混合
550015,信诚至远A
550016,信诚至远C
560002,益民红利成长混合
560003,益民创新优势混合
560006,益民核心增长混合
570001,诺德价值优势混合
570005,诺德成长优势混合
570006,诺德中小盘混合
570007,诺德优选30混合
570008,诺德周期策略混合
571002,诺德灵活配置混合
580001,东吴嘉禾优势精选混合
580002,东吴双动力混合
580003,东吴行业轮动混合
580005,东吴进取策略混合
580006,东吴新经济混合
580007,东吴安享量化混合
580008,东吴新产业精选混合
580009,东吴多策略灵活配置混合
582003,东吴配置优化灵活配置混合
585001,东吴中证新兴指数
590001,中邮核心优选混合
590002,中邮核心成长混合
590003,中邮核心优势灵活配置混合
590005,中邮核心主题混合
590006,中邮中小盘灵活配置混合
590007,中邮中证500指数增强A
590008,中邮战略新兴产业混合
610001,信达澳银领先增长混合
610002,信达澳银精华配置混合
610004,信达澳银中小盘混合
610005,信达澳银红利回报混合
610006,信达澳银产业升级混合
610007,信达澳银消费优选混合
620001,金元顺安宝石动力混合
620002,金元顺安成长动力混合
620004,金元顺安价值增长混合
620006,金元顺安消费主题混合
620007,金元顺安优质精选混合A
630001,华商领先企业混合
630002,华商盛世成长混合
630005,华商动态阿尔法混合
630006,华商产业升级混合
630008,华商策略精选混合
630010,华商价值精选混合
630011,华商主题精选混合
630015,华商大盘量化精选混合
630016,华商价值共享混合发起式
660001,农银行业成长混合
660003,农银平衡双利混合
660004,农银策略价值混合
660005,农银中小盘混合
660006,农银大盘蓝筹混合
660008,农银沪深300指数A
660010,农银策略精选混合
660011,农银中证500指数
660012,农银消费主题混合A
660015,农银行业轮动混合
671010,西部利得策略优选混合
671030,西部利得事件驱动股票
673010,西部利得新动向混合
673020,西部利得成长精选混合
673030,西部利得多策略优选混合
673040,西部利得行业主题优选混合A
673043,西部利得行业主题优选混合C
673050,西部利得新盈混合
673060,西部利得景瑞灵活配置混合A
673071,西部利得新动力混合A
673073,西部利得新动力混合C
673081,西部利得祥运混合A
673083,西部利得祥运混合C
673090,西部利得个股精选股票
673100,西部利得沪深300指数增强A
673101,西部利得沪深300指数增强C
673110,西部利得新润混合
673120,西部利得新富混合
673141,西部利得景程混合A
673143,西部利得景程混合C
688888,浙商聚潮产业成长混合
690001,民生加银品牌蓝筹混合
690003,民生加银精选混合
690004,民生加银稳健成长混合
690005,民生加银内需增长混合
690007,民生加银景气行业混合A
690008,民生中证内地资源主题指数
690009,民生加银红利回报混合
690011,民生加银积极成长混合发起式
700001,平安行业先锋混合
700002,平安深证300指数增强
700003,平安策略先锋混合
700004,平安灵活配置混合
710001,富安达优势成长混合
710002,富安达策略精选混合
720001,财通价值动量混合
730001,方正富邦创新动力混合A
730002,方正富邦红利精选混合A
740001,长安宏观策略混合
740101,长安沪深300非周期
750001,安信灵活配置混合
750005,安信平稳增长混合发起A
762001,国金国鑫发起A
770001,德邦优化混合
850005,海通核心优势一年持有混合B
850588,海通核心优势一年持有混合A
850599,海通核心优势一年持有混合C
860001,光大阳光混合A
860006,光大阳光优选一年持有混合A
860007,光大阳光价值30个月混合A
860010,光大阳光对冲6个月混合A
860016,光大阳光启明星创新驱动主题混合A
860018,光大阳光智造混合A
860027,光大阳光价值30个月混合B
860028,光大阳光对冲6个月混合B
860029,光大阳光对冲6个月混合C
860036,光大阳光混合B
860037,光大阳光混合C
860038,光大阳光智造混合B
860039,光大阳光智造混合C
860052,光大阳光启明星创新驱动主题混合B
860053,光大阳光启明星创新驱动主题混合C
860055,光大阳光优选一年持有混合B
860056,光大阳光优选一年持有混合C
870009,广发平衡精选一年持有混合A
870017,广发资管消费精选灵活配置混合
871003,广发资管价值增长灵活配置混合
872019,广发平衡精选一年持有混合C
880007,招商资管智远成长灵活配置混合A
881007,招商资管智远成长灵活配置混合C
900003,中信证券臻选价值成长混合A
900008,中信证券稳健回报混合A
900009,中信证券成长动力混合A
900010,中信卓越成长两年持有混合A
900011,中信证券红利价值A
900022,中信证券臻选回报混合A
900029,中信证券量化优选A
900030,中信证券量化优选C
900052,中信证券臻选回报混合B
900059,中信证券成长动力混合C
900078,中信证券稳健回报混合C
900079,中信证券臻选价值成长混合C
900089,中信证券红利价值C
900090,中信卓越成长两年持有混合B
900099,中信证券红利价值B
900100,中信卓越成长两年持有混合C
900152,中信证券臻选回报混合C
910007,东方红启元三年持有混合A
910022,东方红启航三年持有混合A
920002,中金精选股票A
920003,中金新锐股票A
920011,中金安心回报灵活配置混合A
920012,中金汇越量化3个月定开混合A
920921,中金安心回报灵活配置混合C
920922,中金精选股票C
920923,中金新锐股票C
920926,中金汇越量化3个月定开混合C
952004,国泰君安君得明混合
952009,君得鑫两年持有期混合A
952013,国君君得益三个月(FOF)A
952035,国泰君安君得诚混合
952099,君得鑫两年持有期混合C
952313,国君君得益三个月(FOF)C
959991,兴证资管金麒麟领先优势一年持有混合A
959993,兴证资管金麒麟领先优势一年持有混合C
970006,华安证券汇赢增利一年持有混合A
970007,华安证券汇赢增利一年持有混合B
970008,华安证券汇赢增利一年持有混合C
970009,方正证券金立方一年持有期混合A
970010,方正证券金立方一年持有期混合C
970016,中信建投价值增长A
970017,中信建投价值增长C
